daily_statistic,percentile,baseline_A,baseline_B,filename,LC_code,LC_name,Elevation,count,mean,median,std
daily_mean,p90,1981_2020,1981_2010,p90_1981_2020_minus_1981_2010_daily_mean_baseline.tif,1,ENF,0_500,373,0.2541865407621573,0.27228546142578125,0.06923528812687726
daily_mean,p90,1981_2020,1981_2010,p90_1981_2020_minus_1981_2010_daily_mean_baseline.tif,1,ENF,500_1000,259,0.21647808266422464,0.2361440658569336,0.058754784811897505
daily_mean,p90,1981_2020,1981_2010,p90_1981_2020_minus_1981_2010_daily_mean_baseline.tif,1,ENF,1000_1500,251,0.26041840177133263,0.2698850631713867,0.059676794471438165
daily_mean,p90,1981_2020,1981_2010,p90_1981_2020_minus_1981_2010_daily_mean_baseline.tif,1,ENF,1500_2000,108,0.2488956716325548,0.2564816474914551,0.03912453515638942
daily_mean,p90,1981_2020,1981_2010,p90_1981_2020_minus_1981_2010_daily_mean_baseline.tif,2,EBF,0_500,134,0.13090592000021864,0.09683799743652344,0.06505998939521293
daily_mean,p90,1981_2020,1981_2010,p90_1981_2020_minus_1981_2010_daily_mean_baseline.tif,2,EBF,500_1000,23,0.14326705103335174,0.15472984313964844,0.05259503916348612
daily_mean,p90,1981_2020,1981_2010,p90_1981_2020_minus_1981_2010_daily_mean_baseline.tif,2,EBF,1000_1500,1,0.07812309265136719,0.07812309265136719,0.0
daily_mean,p90,1981_2020,1981_2010,p90_1981_2020_minus_1981_2010_daily_mean_baseline.tif,4,DBF,0_500,1278,0.29057506925436627,0.29417848587036133,0.05302546387985793
daily_mean,p90,1981_2020,1981_2010,p90_1981_2020_minus_1981_2010_daily_mean_baseline.tif,4,DBF,500_1000,1276,0.27769701308964934,0.2893843650817871,0.058728775958295176
daily_mean,p90,1981_2020,1981_2010,p90_1981_2020_minus_1981_2010_daily_mean_baseline.tif,4,DBF,1000_1500,361,0.2631019660970841,0.27252769470214844,0.05957179417407106
daily_mean,p90,1981_2020,1981_2010,p90_1981_2020_minus_1981_2010_daily_mean_baseline.tif,4,DBF,1500_2000,7,0.26980277470179964,0.28629207611083984,0.06533022845460076
daily_mean,p90,1981_2020,1981_2010,p90_1981_2020_minus_1981_2010_daily_mean_baseline.tif,5,MF,0_500,1403,0.28090184633849097,0.26966285705566406,0.07110042033442501
daily_mean,p90,1981_2020,1981_2010,p90_1981_2020_minus_1981_2010_daily_mean_baseline.tif,5,MF,500_1000,1186,0.26667410929327673,0.2742605209350586,0.04978807599175986
daily_mean,p90,1981_2020,1981_2010,p90_1981_2020_minus_1981_2010_daily_mean_baseline.tif,5,MF,1000_1500,599,0.28289283774730956,0.29274559020996094,0.053042181082272155
daily_mean,p90,1981_2020,1981_2010,p90_1981_2020_minus_1981_2010_daily_mean_baseline.tif,5,MF,1500_2000,49,0.2681838541614766,0.28471946716308594,0.051865437933558634
daily_mean,p90,1981_2020,1981_2010,p90_1981_2020_minus_1981_2010_daily_mean_baseline.tif,6,Closed Shrub,500_1000,1,0.285064697265625,0.285064697265625,0.0
daily_mean,p90,1981_2020,1981_2010,p90_1981_2020_minus_1981_2010_daily_mean_baseline.tif,7,Open Shrub,0_500,614,0.20019462908518043,0.1926279067993164,0.060156081125606706
daily_mean,p90,1981_2020,1981_2010,p90_1981_2020_minus_1981_2010_daily_mean_baseline.tif,7,Open Shrub,500_1000,1188,0.1926175472310898,0.1869955062866211,0.07150297701659993
daily_mean,p90,1981_2020,1981_2010,p90_1981_2020_minus_1981_2010_daily_mean_baseline.tif,7,Open Shrub,1000_1500,968,0.1493166655548348,0.12995433807373047,0.054311493741447406
daily_mean,p90,1981_2020,1981_2010,p90_1981_2020_minus_1981_2010_daily_mean_baseline.tif,7,Open Shrub,1500_2000,293,0.17895031626314026,0.17554473876953125,0.034811819068963
daily_mean,p90,1981_2020,1981_2010,p90_1981_2020_minus_1981_2010_daily_mean_baseline.tif,7,Open Shrub,2000_2500,56,0.1720669780458723,0.16706275939941406,0.03743108808603615
daily_mean,p90,1981_2020,1981_2010,p90_1981_2020_minus_1981_2010_daily_mean_baseline.tif,7,Open Shrub,2500_3500,6,0.1947490374247233,0.19529199600219727,0.026408211064811754
daily_mean,p90,1981_2020,1981_2010,p90_1981_2020_minus_1981_2010_daily_mean_baseline.tif,8,Woody Savanna,0_500,1505,0.24122309383759863,0.24102115631103516,0.09695121343628527
daily_mean,p90,1981_2020,1981_2010,p90_1981_2020_minus_1981_2010_daily_mean_baseline.tif,8,Woody Savanna,500_1000,1206,0.2174998836137762,0.22303533554077148,0.07155824638852744
daily_mean,p90,1981_2020,1981_2010,p90_1981_2020_minus_1981_2010_daily_mean_baseline.tif,8,Woody Savanna,1000_1500,559,0.24801131437844157,0.2556171417236328,0.06272506726845754
daily_mean,p90,1981_2020,1981_2010,p90_1981_2020_minus_1981_2010_daily_mean_baseline.tif,8,Woody Savanna,1500_2000,72,0.2597189810540941,0.27446985244750977,0.057213135641586574
daily_mean,p90,1981_2020,1981_2010,p90_1981_2020_minus_1981_2010_daily_mean_baseline.tif,9,Savanna,0_500,4104,0.22298401931108322,0.22481155395507812,0.08264636386427537
daily_mean,p90,1981_2020,1981_2010,p90_1981_2020_minus_1981_2010_daily_mean_baseline.tif,9,Savanna,500_1000,1843,0.22875149768781738,0.2314767837524414,0.06920020591388373
daily_mean,p90,1981_2020,1981_2010,p90_1981_2020_minus_1981_2010_daily_mean_baseline.tif,9,Savanna,1000_1500,493,0.23630393397735533,0.24440288543701172,0.06973931268878972
daily_mean,p90,1981_2020,1981_2010,p90_1981_2020_minus_1981_2010_daily_mean_baseline.tif,9,Savanna,1500_2000,20,0.23021259307861328,0.22135496139526367,0.04589572083849311
daily_mean,p90,1981_2020,1981_2010,p90_1981_2020_minus_1981_2010_daily_mean_baseline.tif,9,Savanna,2000_2500,1,0.2689361572265625,0.2689361572265625,0.0
daily_mean,p90,1981_2020,1981_2010,p90_1981_2020_minus_1981_2010_daily_mean_baseline.tif,10,Grass,0_500,2158,0.21933307152748993,0.20643997192382812,0.07947048651056057
daily_mean,p90,1981_2020,1981_2010,p90_1981_2020_minus_1981_2010_daily_mean_baseline.tif,10,Grass,500_1000,2042,0.2195671886701892,0.22072267532348633,0.059698107382427604
daily_mean,p90,1981_2020,1981_2010,p90_1981_2020_minus_1981_2010_daily_mean_baseline.tif,10,Grass,1000_1500,1998,0.2361204168340704,0.23889923095703125,0.06053170854130383
daily_mean,p90,1981_2020,1981_2010,p90_1981_2020_minus_1981_2010_daily_mean_baseline.tif,10,Grass,1500_2000,1126,0.234677325133532,0.23995351791381836,0.05732309616188951
daily_mean,p90,1981_2020,1981_2010,p90_1981_2020_minus_1981_2010_daily_mean_baseline.tif,10,Grass,2000_2500,452,0.22334147989749908,0.22346985340118408,0.04875875676497271
daily_mean,p90,1981_2020,1981_2010,p90_1981_2020_minus_1981_2010_daily_mean_baseline.tif,10,Grass,2500_3500,97,0.20418647300336779,0.20099830627441406,0.04182927477137929
daily_mean,p90,1981_2020,1981_2010,p90_1981_2020_minus_1981_2010_daily_mean_baseline.tif,11,Wetland,0_500,11,0.30260909687389026,0.30333614349365234,0.02729165038379702
daily_mean,p90,1981_2020,1981_2010,p90_1981_2020_minus_1981_2010_daily_mean_baseline.tif,11,Wetland,500_1000,1,0.3214855194091797,0.3214855194091797,0.0
daily_mean,p90,1981_2020,1981_2010,p90_1981_2020_minus_1981_2010_daily_mean_baseline.tif,12,Cropland,0_500,19968,0.27168397046625614,0.2732553482055664,0.08052948210768857
daily_mean,p90,1981_2020,1981_2010,p90_1981_2020_minus_1981_2010_daily_mean_baseline.tif,12,Cropland,500_1000,2714,0.21625929996206555,0.2242264747619629,0.07055789109631616
daily_mean,p90,1981_2020,1981_2010,p90_1981_2020_minus_1981_2010_daily_mean_baseline.tif,12,Cropland,1000_1500,809,0.21820285146404403,0.2224416732788086,0.060414903665749004
daily_mean,p90,1981_2020,1981_2010,p90_1981_2020_minus_1981_2010_daily_mean_baseline.tif,12,Cropland,1500_2000,42,0.25739658446539015,0.2596001625061035,0.041955848261727435
daily_mean,p90,1981_2020,1981_2010,p90_1981_2020_minus_1981_2010_daily_mean_baseline.tif,12,Cropland,2000_2500,2,0.21753525733947754,0.21753525733947754,0.030399560928344727
daily_mean,p90,1981_2020,1981_2010,p90_1981_2020_minus_1981_2010_daily_mean_baseline.tif,13,Urban,0_500,825,0.23542707732229523,0.23053932189941406,0.06994646824656563
daily_mean,p90,1981_2020,1981_2010,p90_1981_2020_minus_1981_2010_daily_mean_baseline.tif,13,Urban,500_1000,56,0.23188626766204834,0.22692394256591797,0.057467360990011
daily_mean,p90,1981_2020,1981_2010,p90_1981_2020_minus_1981_2010_daily_mean_baseline.tif,13,Urban,1000_1500,6,0.21218331654866537,0.2111210823059082,0.058049745279536415
daily_mean,p90,1981_2020,1981_2010,p90_1981_2020_minus_1981_2010_daily_mean_baseline.tif,14,Crop/Nat Mosaic,0_500,996,0.19749056191808248,0.18468379974365234,0.07692884933397899
daily_mean,p90,1981_2020,1981_2010,p90_1981_2020_minus_1981_2010_daily_mean_baseline.tif,14,Crop/Nat Mosaic,500_1000,72,0.23270281155904135,0.22303009033203125,0.05115141448062661
daily_mean,p90,1981_2020,1981_2010,p90_1981_2020_minus_1981_2010_daily_mean_baseline.tif,14,Crop/Nat Mosaic,1000_1500,4,0.2914135456085205,0.29450511932373047,0.02412215513929152
daily_mean,p90,1981_2020,1981_2010,p90_1981_2020_minus_1981_2010_daily_mean_baseline.tif,15,Snow/Ice,2000_2500,1,0.26198887825012207,0.26198887825012207,0.0
daily_mean,p90,1981_2020,1981_2010,p90_1981_2020_minus_1981_2010_daily_mean_baseline.tif,15,Snow/Ice,2500_3500,3,0.249014084537824,0.24989867210388184,0.045107241403635714
daily_mean,p90,1981_2020,1981_2010,p90_1981_2020_minus_1981_2010_daily_mean_baseline.tif,16,Barren,0_500,6734,0.1849200226342179,0.18583297729492188,0.03741068551272293
daily_mean,p90,1981_2020,1981_2010,p90_1981_2020_minus_1981_2010_daily_mean_baseline.tif,16,Barren,500_1000,3864,0.18225964305316933,0.17194366455078125,0.04391649189759387
daily_mean,p90,1981_2020,1981_2010,p90_1981_2020_minus_1981_2010_daily_mean_baseline.tif,16,Barren,1000_1500,989,0.1591571098150209,0.15586471557617188,0.03298625438287548
daily_mean,p90,1981_2020,1981_2010,p90_1981_2020_minus_1981_2010_daily_mean_baseline.tif,16,Barren,1500_2000,63,0.1760591325305757,0.17563247680664062,0.03325293324381418
daily_mean,p90,1981_2020,1981_2010,p90_1981_2020_minus_1981_2010_daily_mean_baseline.tif,16,Barren,2000_2500,25,0.19736242294311523,0.19724369049072266,0.04149491979584366
daily_mean,p90,1981_2020,1981_2010,p90_1981_2020_minus_1981_2010_daily_mean_baseline.tif,16,Barren,2500_3500,34,0.2389306268271278,0.2443472146987915,0.049407373013356105
daily_mean,p90,1981_2020,1981_2010,p90_1981_2020_minus_1981_2010_daily_mean_baseline.tif,17,Water,0_500,1532,0.22890505902760958,0.2307605743408203,0.07945702650765428
daily_mean,p90,1981_2020,1981_2010,p90_1981_2020_minus_1981_2010_daily_mean_baseline.tif,17,Water,500_1000,43,0.23352057434791743,0.23761940002441406,0.07288973246755888
daily_mean,p90,1981_2020,1981_2010,p90_1981_2020_minus_1981_2010_daily_mean_baseline.tif,17,Water,1000_1500,9,0.2053733401828342,0.20200252532958984,0.01147491752292258
daily_mean,p90,1991_2020,1981_2010,p90_1991_2020_minus_1981_2010_daily_mean_baseline.tif,1,ENF,0_500,373,0.3941581664711796,0.42760753631591797,0.09677155800433626
daily_mean,p90,1991_2020,1981_2010,p90_1991_2020_minus_1981_2010_daily_mean_baseline.tif,1,ENF,500_1000,259,0.3476407224147016,0.3776082992553711,0.08649401879964072
daily_mean,p90,1991_2020,1981_2010,p90_1991_2020_minus_1981_2010_daily_mean_baseline.tif,1,ENF,1000_1500,251,0.411348196614786,0.4299774169921875,0.08592670202146946
daily_mean,p90,1991_2020,1981_2010,p90_1991_2020_minus_1981_2010_daily_mean_baseline.tif,1,ENF,1500_2000,108,0.3973533444934421,0.41150426864624023,0.06355652884349464
daily_mean,p90,1991_2020,1981_2010,p90_1991_2020_minus_1981_2010_daily_mean_baseline.tif,2,EBF,0_500,134,0.2016132838690459,0.1572284698486328,0.10490493917746435
daily_mean,p90,1991_2020,1981_2010,p90_1991_2020_minus_1981_2010_daily_mean_baseline.tif,2,EBF,500_1000,23,0.22821476148522418,0.2295379638671875,0.07568523996863741
daily_mean,p90,1991_2020,1981_2010,p90_1991_2020_minus_1981_2010_daily_mean_baseline.tif,2,EBF,1000_1500,1,0.143951416015625,0.143951416015625,0.0
daily_mean,p90,1991_2020,1981_2010,p90_1991_2020_minus_1981_2010_daily_mean_baseline.tif,4,DBF,0_500,1278,0.46169687474091103,0.4688448905944824,0.07151033558493718
daily_mean,p90,1991_2020,1981_2010,p90_1991_2020_minus_1981_2010_daily_mean_baseline.tif,4,DBF,500_1000,1276,0.43799061386562815,0.4536151885986328,0.0830143046718636
daily_mean,p90,1991_2020,1981_2010,p90_1991_2020_minus_1981_2010_daily_mean_baseline.tif,4,DBF,1000_1500,361,0.4077573483010078,0.41954612731933594,0.08725489726747228
daily_mean,p90,1991_2020,1981_2010,p90_1991_2020_minus_1981_2010_daily_mean_baseline.tif,4,DBF,1500_2000,7,0.4334796496800014,0.4270334243774414,0.10628867468090243
daily_mean,p90,1991_2020,1981_2010,p90_1991_2020_minus_1981_2010_daily_mean_baseline.tif,5,MF,0_500,1403,0.43273944678004095,0.4308462142944336,0.08489392348325124
daily_mean,p90,1991_2020,1981_2010,p90_1991_2020_minus_1981_2010_daily_mean_baseline.tif,5,MF,500_1000,1186,0.4240219637274139,0.42688798904418945,0.0726934099916986
daily_mean,p90,1991_2020,1981_2010,p90_1991_2020_minus_1981_2010_daily_mean_baseline.tif,5,MF,1000_1500,599,0.44975764604164087,0.45914554595947266,0.0788584521015005
daily_mean,p90,1991_2020,1981_2010,p90_1991_2020_minus_1981_2010_daily_mean_baseline.tif,5,MF,1500_2000,49,0.42350005130378565,0.4481029510498047,0.08805866780071649
daily_mean,p90,1991_2020,1981_2010,p90_1991_2020_minus_1981_2010_daily_mean_baseline.tif,6,Closed Shrub,500_1000,1,0.42736053466796875,0.42736053466796875,0.0
daily_mean,p90,1991_2020,1981_2010,p90_1991_2020_minus_1981_2010_daily_mean_baseline.tif,7,Open Shrub,0_500,614,0.3141953657815045,0.28735923767089844,0.09133645663070969
daily_mean,p90,1991_2020,1981_2010,p90_1991_2020_minus_1981_2010_daily_mean_baseline.tif,7,Open Shrub,500_1000,1188,0.298519978218207,0.2686138153076172,0.11856159933583472
daily_mean,p90,1991_2020,1981_2010,p90_1991_2020_minus_1981_2010_daily_mean_baseline.tif,7,Open Shrub,1000_1500,968,0.21499510244889694,0.18890762329101562,0.09225718843076566
daily_mean,p90,1991_2020,1981_2010,p90_1991_2020_minus_1981_2010_daily_mean_baseline.tif,7,Open Shrub,1500_2000,293,0.25514355291685553,0.24718666076660156,0.05502115140527034
daily_mean,p90,1991_2020,1981_2010,p90_1991_2020_minus_1981_2010_daily_mean_baseline.tif,7,Open Shrub,2000_2500,56,0.23578921386173793,0.24231481552124023,0.0610519311412365
daily_mean,p90,1991_2020,1981_2010,p90_1991_2020_minus_1981_2010_daily_mean_baseline.tif,7,Open Shrub,2500_3500,6,0.26599280039469403,0.26915645599365234,0.043778653526181516
daily_mean,p90,1991_2020,1981_2010,p90_1991_2020_minus_1981_2010_daily_mean_baseline.tif,8,Woody Savanna,0_500,1505,0.369075724452833,0.3868598937988281,0.1441813363423514
daily_mean,p90,1991_2020,1981_2010,p90_1991_2020_minus_1981_2010_daily_mean_baseline.tif,8,Woody Savanna,500_1000,1206,0.3378394294536331,0.3569788932800293,0.11260069069101655
daily_mean,p90,1991_2020,1981_2010,p90_1991_2020_minus_1981_2010_daily_mean_baseline.tif,8,Woody Savanna,1000_1500,559,0.3833072232432357,0.3946857452392578,0.09999473499619593
daily_mean,p90,1991_2020,1981_2010,p90_1991_2020_minus_1981_2010_daily_mean_baseline.tif,8,Woody Savanna,1500_2000,72,0.40258103609085083,0.4279313087463379,0.09667518312701111
daily_mean,p90,1991_2020,1981_2010,p90_1991_2020_minus_1981_2010_daily_mean_baseline.tif,9,Savanna,0_500,4104,0.34750229782528347,0.34686994552612305,0.12898583819648696
daily_mean,p90,1991_2020,1981_2010,p90_1991_2020_minus_1981_2010_daily_mean_baseline.tif,9,Savanna,500_1000,1843,0.35848977341964977,0.36181640625,0.1005445930069898
daily_mean,p90,1991_2020,1981_2010,p90_1991_2020_minus_1981_2010_daily_mean_baseline.tif,9,Savanna,1000_1500,493,0.36472284382787246,0.37851715087890625,0.09484046577367149
daily_mean,p90,1991_2020,1981_2010,p90_1991_2020_minus_1981_2010_daily_mean_baseline.tif,9,Savanna,1500_2000,20,0.344386887550354,0.3293876647949219,0.06537742741317233
daily_mean,p90,1991_2020,1981_2010,p90_1991_2020_minus_1981_2010_daily_mean_baseline.tif,9,Savanna,2000_2500,1,0.37840747833251953,0.37840747833251953,0.0
daily_mean,p90,1991_2020,1981_2010,p90_1991_2020_minus_1981_2010_daily_mean_baseline.tif,10,Grass,0_500,2158,0.3453949295446981,0.3291158676147461,0.1271020973544462
daily_mean,p90,1991_2020,1981_2010,p90_1991_2020_minus_1981_2010_daily_mean_baseline.tif,10,Grass,500_1000,2042,0.35058212350327866,0.35291385650634766,0.09972163015917913
daily_mean,p90,1991_2020,1981_2010,p90_1991_2020_minus_1981_2010_daily_mean_baseline.tif,10,Grass,1000_1500,1998,0.4035227172248237,0.4116344451904297,0.0954794001443778
daily_mean,p90,1991_2020,1981_2010,p90_1991_2020_minus_1981_2010_daily_mean_baseline.tif,10,Grass,1500_2000,1126,0.4026587746283089,0.4113428592681885,0.08639230324967478
daily_mean,p90,1991_2020,1981_2010,p90_1991_2020_minus_1981_2010_daily_mean_baseline.tif,10,Grass,2000_2500,452,0.34686377895089376,0.3474557399749756,0.07514094782248598
daily_mean,p90,1991_2020,1981_2010,p90_1991_2020_minus_1981_2010_daily_mean_baseline.tif,10,Grass,2500_3500,97,0.29580049170661216,0.29201847314834595,0.07011954215064603
daily_mean,p90,1991_2020,1981_2010,p90_1991_2020_minus_1981_2010_daily_mean_baseline.tif,11,Wetland,0_500,11,0.5026064786044034,0.5193519592285156,0.0402042411359668
daily_mean,p90,1991_2020,1981_2010,p90_1991_2020_minus_1981_2010_daily_mean_baseline.tif,11,Wetland,500_1000,1,0.5525970458984375,0.5525970458984375,0.0
daily_mean,p90,1991_2020,1981_2010,p90_1991_2020_minus_1981_2010_daily_mean_baseline.tif,12,Cropland,0_500,19968,0.43018213726389104,0.4456167221069336,0.11620614342087486
daily_mean,p90,1991_2020,1981_2010,p90_1991_2020_minus_1981_2010_daily_mean_baseline.tif,12,Cropland,500_1000,2714,0.3459961609358988,0.3634152412414551,0.11159735588886728
daily_mean,p90,1991_2020,1981_2010,p90_1991_2020_minus_1981_2010_daily_mean_baseline.tif,12,Cropland,1000_1500,809,0.3923599941032042,0.4172172546386719,0.09883738987880526
daily_mean,p90,1991_2020,1981_2010,p90_1991_2020_minus_1981_2010_daily_mean_baseline.tif,12,Cropland,1500_2000,42,0.4536817414419992,0.4421658515930176,0.07247563820095992
daily_mean,p90,1991_2020,1981_2010,p90_1991_2020_minus_1981_2010_daily_mean_baseline.tif,12,Cropland,2000_2500,2,0.3498704433441162,0.3498704433441162,0.07360148429870605
daily_mean,p90,1991_2020,1981_2010,p90_1991_2020_minus_1981_2010_daily_mean_baseline.tif,13,Urban,0_500,825,0.38477395144375887,0.37543678283691406,0.1029238577544281
daily_mean,p90,1991_2020,1981_2010,p90_1991_2020_minus_1981_2010_daily_mean_baseline.tif,13,Urban,500_1000,56,0.40425058773585726,0.39789485931396484,0.0851553224029359
daily_mean,p90,1991_2020,1981_2010,p90_1991_2020_minus_1981_2010_daily_mean_baseline.tif,13,Urban,1000_1500,6,0.3961340586344401,0.43062305450439453,0.06980952514241305
daily_mean,p90,1991_2020,1981_2010,p90_1991_2020_minus_1981_2010_daily_mean_baseline.tif,14,Crop/Nat Mosaic,0_500,996,0.30474162676248207,0.2966794967651367,0.12539196377784376
daily_mean,p90,1991_2020,1981_2010,p90_1991_2020_minus_1981_2010_daily_mean_baseline.tif,14,Crop/Nat Mosaic,500_1000,72,0.3664735820558336,0.3776087760925293,0.0844488738025825
daily_mean,p90,1991_2020,1981_2010,p90_1991_2020_minus_1981_2010_daily_mean_baseline.tif,14,Crop/Nat Mosaic,1000_1500,4,0.4656381607055664,0.4691166877746582,0.043387610451491976
daily_mean,p90,1991_2020,1981_2010,p90_1991_2020_minus_1981_2010_daily_mean_baseline.tif,15,Snow/Ice,2000_2500,1,0.38158130645751953,0.38158130645751953,0.0
daily_mean,p90,1991_2020,1981_2010,p90_1991_2020_minus_1981_2010_daily_mean_baseline.tif,15,Snow/Ice,2500_3500,3,0.3434210767348607,0.3521254062652588,0.07552343407581383
daily_mean,p90,1991_2020,1981_2010,p90_1991_2020_minus_1981_2010_daily_mean_baseline.tif,16,Barren,0_500,6734,0.34032355524646024,0.3452339172363281,0.05889051270814515
daily_mean,p90,1991_2020,1981_2010,p90_1991_2020_minus_1981_2010_daily_mean_baseline.tif,16,Barren,500_1000,3864,0.30974396168568613,0.27200889587402344,0.0907889121831342
daily_mean,p90,1991_2020,1981_2010,p90_1991_2020_minus_1981_2010_daily_mean_baseline.tif,16,Barren,1000_1500,989,0.21561714804931886,0.2129077911376953,0.0719248272690797
daily_mean,p90,1991_2020,1981_2010,p90_1991_2020_minus_1981_2010_daily_mean_baseline.tif,16,Barren,1500_2000,63,0.24540704394143725,0.240386962890625,0.05648036172688422
daily_mean,p90,1991_2020,1981_2010,p90_1991_2020_minus_1981_2010_daily_mean_baseline.tif,16,Barren,2000_2500,25,0.2589338493347168,0.2533702850341797,0.07472190879060332
daily_mean,p90,1991_2020,1981_2010,p90_1991_2020_minus_1981_2010_daily_mean_baseline.tif,16,Barren,2500_3500,34,0.3403793222763959,0.3444852828979492,0.0825409760944489
daily_mean,p90,1991_2020,1981_2010,p90_1991_2020_minus_1981_2010_daily_mean_baseline.tif,17,Water,0_500,1532,0.3637629812753543,0.36147499084472656,0.12035632297083042
daily_mean,p90,1991_2020,1981_2010,p90_1991_2020_minus_1981_2010_daily_mean_baseline.tif,17,Water,500_1000,43,0.38713155790816905,0.4243278503417969,0.09370441513628266
daily_mean,p90,1991_2020,1981_2010,p90_1991_2020_minus_1981_2010_daily_mean_baseline.tif,17,Water,1000_1500,9,0.38260375128852,0.37760066986083984,0.016794888338759615
daily_mean,p95,1981_2020,1981_2010,p95_1981_2020_minus_1981_2010_daily_mean_baseline.tif,1,ENF,0_500,373,0.24603398811401694,0.2633228302001953,0.0689555694567714
daily_mean,p95,1981_2020,1981_2010,p95_1981_2020_minus_1981_2010_daily_mean_baseline.tif,1,ENF,500_1000,259,0.21543333797381192,0.23520851135253906,0.06601775357623088
daily_mean,p95,1981_2020,1981_2010,p95_1981_2020_minus_1981_2010_daily_mean_baseline.tif,1,ENF,1000_1500,251,0.26872057363806495,0.27701663970947266,0.07001137336428956
daily_mean,p95,1981_2020,1981_2010,p95_1981_2020_minus_1981_2010_daily_mean_baseline.tif,1,ENF,1500_2000,108,0.25218038647263136,0.25673675537109375,0.04616950460964637
daily_mean,p95,1981_2020,1981_2010,p95_1981_2020_minus_1981_2010_daily_mean_baseline.tif,2,EBF,0_500,134,0.13027307168761296,0.0914144515991211,0.07462220782357223
daily_mean,p95,1981_2020,1981_2010,p95_1981_2020_minus_1981_2010_daily_mean_baseline.tif,2,EBF,500_1000,23,0.1424427032470703,0.15218544006347656,0.05776181663938411
daily_mean,p95,1981_2020,1981_2010,p95_1981_2020_minus_1981_2010_daily_mean_baseline.tif,2,EBF,1000_1500,1,0.06571197509765625,0.06571197509765625,0.0
daily_mean,p95,1981_2020,1981_2010,p95_1981_2020_minus_1981_2010_daily_mean_baseline.tif,4,DBF,0_500,1278,0.29853181958385105,0.3009204864501953,0.06907032929012354
daily_mean,p95,1981_2020,1981_2010,p95_1981_2020_minus_1981_2010_daily_mean_baseline.tif,4,DBF,500_1000,1276,0.28339347869251214,0.2930788993835449,0.07554729191652575
daily_mean,p95,1981_2020,1981_2010,p95_1981_2020_minus_1981_2010_daily_mean_baseline.tif,4,DBF,1000_1500,361,0.26937716951660834,0.27698707580566406,0.07031950255310943
daily_mean,p95,1981_2020,1981_2010,p95_1981_2020_minus_1981_2010_daily_mean_baseline.tif,4,DBF,1500_2000,7,0.2776545115879604,0.2969474792480469,0.08218288193329007
daily_mean,p95,1981_2020,1981_2010,p95_1981_2020_minus_1981_2010_daily_mean_baseline.tif,5,MF,0_500,1403,0.29025594149839,0.28838634490966797,0.044428994828531077
daily_mean,p95,1981_2020,1981_2010,p95_1981_2020_minus_1981_2010_daily_mean_baseline.tif,5,MF,500_1000,1186,0.2806711928639404,0.2894248962402344,0.056400263164410866
daily_mean,p95,1981_2020,1981_2010,p95_1981_2020_minus_1981_2010_daily_mean_baseline.tif,5,MF,1000_1500,599,0.2951065272043066,0.30803489685058594,0.06648726225470403
daily_mean,p95,1981_2020,1981_2010,p95_1981_2020_minus_1981_2010_daily_mean_baseline.tif,5,MF,1500_2000,49,0.2754181745100994,0.2823009490966797,0.060045878424441375
daily_mean,p95,1981_2020,1981_2010,p95_1981_2020_minus_1981_2010_daily_mean_baseline.tif,6,Closed Shrub,500_1000,1,0.3298664093017578,0.3298664093017578,0.0
daily_mean,p95,1981_2020,1981_2010,p95_1981_2020_minus_1981_2010_daily_mean_baseline.tif,7,Open Shrub,0_500,614,0.20564220937921482,0.19747638702392578,0.07016797955876448
daily_mean,p95,1981_2020,1981_2010,p95_1981_2020_minus_1981_2010_daily_mean_baseline.tif,7,Open Shrub,500_1000,1188,0.20068374787918244,0.2096843719482422,0.09698885194419521
daily_mean,p95,1981_2020,1981_2010,p95_1981_2020_minus_1981_2010_daily_mean_baseline.tif,7,Open Shrub,1000_1500,968,0.15014637009171414,0.12502384185791016,0.0725059536481553
daily_mean,p95,1981_2020,1981_2010,p95_1981_2020_minus_1981_2010_daily_mean_baseline.tif,7,Open Shrub,1500_2000,293,0.1965261921540869,0.196868896484375,0.04299149343548681
daily_mean,p95,1981_2020,1981_2010,p95_1981_2020_minus_1981_2010_daily_mean_baseline.tif,7,Open Shrub,2000_2500,56,0.19254449435642787,0.19507503509521484,0.03512277429103748
daily_mean,p95,1981_2020,1981_2010,p95_1981_2020_minus_1981_2010_daily_mean_baseline.tif,7,Open Shrub,2500_3500,6,0.22474431991577148,0.2155590057373047,0.019284913236527493
daily_mean,p95,1981_2020,1981_2010,p95_1981_2020_minus_1981_2010_daily_mean_baseline.tif,8,Woody Savanna,0_500,1505,0.23008308474011596,0.24805164337158203,0.08994493844856614
daily_mean,p95,1981_2020,1981_2010,p95_1981_2020_minus_1981_2010_daily_mean_baseline.tif,8,Woody Savanna,500_1000,1206,0.22067528735741257,0.22196340560913086,0.08511583043255312
daily_mean,p95,1981_2020,1981_2010,p95_1981_2020_minus_1981_2010_daily_mean_baseline.tif,8,Woody Savanna,1000_1500,559,0.2594399989610921,0.26304054260253906,0.07470184054867936
daily_mean,p95,1981_2020,1981_2010,p95_1981_2020_minus_1981_2010_daily_mean_baseline.tif,8,Woody Savanna,1500_2000,72,0.2682892547713386,0.28267621994018555,0.05942225022749334
daily_mean,p95,1981_2020,1981_2010,p95_1981_2020_minus_1981_2010_daily_mean_baseline.tif,9,Savanna,0_500,4104,0.23314143505245158,0.24362468719482422,0.08669424001219238
daily_mean,p95,1981_2020,1981_2010,p95_1981_2020_minus_1981_2010_daily_mean_baseline.tif,9,Savanna,500_1000,1843,0.23800571470628015,0.24295520782470703,0.08089313518473751
daily_mean,p95,1981_2020,1981_2010,p95_1981_2020_minus_1981_2010_daily_mean_baseline.tif,9,Savanna,1000_1500,493,0.25728069792896446,0.2735748291015625,0.08614636748103391
daily_mean,p95,1981_2020,1981_2010,p95_1981_2020_minus_1981_2010_daily_mean_baseline.tif,9,Savanna,1500_2000,20,0.24952845573425292,0.2529869079589844,0.0686790639245239
daily_mean,p95,1981_2020,1981_2010,p95_1981_2020_minus_1981_2010_daily_mean_baseline.tif,9,Savanna,2000_2500,1,0.351806640625,0.351806640625,0.0
daily_mean,p95,1981_2020,1981_2010,p95_1981_2020_minus_1981_2010_daily_mean_baseline.tif,10,Grass,0_500,2158,0.2178726823822672,0.20460033416748047,0.08072777335891022
daily_mean,p95,1981_2020,1981_2010,p95_1981_2020_minus_1981_2010_daily_mean_baseline.tif,10,Grass,500_1000,2042,0.22268501458275447,0.22328853607177734,0.07252266689937846
daily_mean,p95,1981_2020,1981_2010,p95_1981_2020_minus_1981_2010_daily_mean_baseline.tif,10,Grass,1000_1500,1998,0.24026542597704822,0.24715137481689453,0.07570218664668123
daily_mean,p95,1981_2020,1981_2010,p95_1981_2020_minus_1981_2010_daily_mean_baseline.tif,10,Grass,1500_2000,1126,0.24122849302647592,0.24453949928283691,0.06799576114607135
daily_mean,p95,1981_2020,1981_2010,p95_1981_2020_minus_1981_2010_daily_mean_baseline.tif,10,Grass,2000_2500,452,0.2394016660683978,0.23655223846435547,0.05938663655342411
daily_mean,p95,1981_2020,1981_2010,p95_1981_2020_minus_1981_2010_daily_mean_baseline.tif,10,Grass,2500_3500,97,0.22342116685257746,0.2190108299255371,0.05357683101266337
daily_mean,p95,1981_2020,1981_2010,p95_1981_2020_minus_1981_2010_daily_mean_baseline.tif,11,Wetland,0_500,11,0.2979611483487216,0.30947303771972656,0.03793653710869674
daily_mean,p95,1981_2020,1981_2010,p95_1981_2020_minus_1981_2010_daily_mean_baseline.tif,11,Wetland,500_1000,1,0.33410072326660156,0.33410072326660156,0.0
daily_mean,p95,1981_2020,1981_2010,p95_1981_2020_minus_1981_2010_daily_mean_baseline.tif,12,Cropland,0_500,19968,0.26684597588311404,0.2768588066101074,0.07779219880549607
daily_mean,p95,1981_2020,1981_2010,p95_1981_2020_minus_1981_2010_daily_mean_baseline.tif,12,Cropland,500_1000,2714,0.22126905164388322,0.2300424575805664,0.08839099436456085
daily_mean,p95,1981_2020,1981_2010,p95_1981_2020_minus_1981_2010_daily_mean_baseline.tif,12,Cropland,1000_1500,809,0.20924257672171953,0.20528030395507812,0.07563034350070717
daily_mean,p95,1981_2020,1981_2010,p95_1981_2020_minus_1981_2010_daily_mean_baseline.tif,12,Cropland,1500_2000,42,0.24780107679821195,0.2395334243774414,0.04315127529112428
daily_mean,p95,1981_2020,1981_2010,p95_1981_2020_minus_1981_2010_daily_mean_baseline.tif,12,Cropland,2000_2500,2,0.20627164840698242,0.20627164840698242,0.03301286697387695
daily_mean,p95,1981_2020,1981_2010,p95_1981_2020_minus_1981_2010_daily_mean_baseline.tif,13,Urban,0_500,825,0.2502868513627486,0.25949764251708984,0.06591644113567056
daily_mean,p95,1981_2020,1981_2010,p95_1981_2020_minus_1981_2010_daily_mean_baseline.tif,13,Urban,500_1000,56,0.2510193756648472,0.26247215270996094,0.07411266941409234
daily_mean,p95,1981_2020,1981_2010,p95_1981_2020_minus_1981_2010_daily_mean_baseline.tif,13,Urban,1000_1500,6,0.20189587275187174,0.19389820098876953,0.08405608042086873
daily_mean,p95,1981_2020,1981_2010,p95_1981_2020_minus_1981_2010_daily_mean_baseline.tif,14,Crop/Nat Mosaic,0_500,996,0.2009248427119121,0.19486427307128906,0.08863959631672638
daily_mean,p95,1981_2020,1981_2010,p95_1981_2020_minus_1981_2010_daily_mean_baseline.tif,14,Crop/Nat Mosaic,500_1000,72,0.24171842469109428,0.2345728874206543,0.06342132757505936
daily_mean,p95,1981_2020,1981_2010,p95_1981_2020_minus_1981_2010_daily_mean_baseline.tif,14,Crop/Nat Mosaic,1000_1500,4,0.29962849617004395,0.30443716049194336,0.02602873603392296
daily_mean,p95,1981_2020,1981_2010,p95_1981_2020_minus_1981_2010_daily_mean_baseline.tif,15,Snow/Ice,2000_2500,1,0.30106210708618164,0.30106210708618164,0.0
daily_mean,p95,1981_2020,1981_2010,p95_1981_2020_minus_1981_2010_daily_mean_baseline.tif,15,Snow/Ice,2500_3500,3,0.27105283737182617,0.27667856216430664,0.05464587792787347
daily_mean,p95,1981_2020,1981_2010,p95_1981_2020_minus_1981_2010_daily_mean_baseline.tif,16,Barren,0_500,6734,0.1873342277814629,0.18169593811035156,0.03593383680690052
daily_mean,p95,1981_2020,1981_2010,p95_1981_2020_minus_1981_2010_daily_mean_baseline.tif,16,Barren,500_1000,3864,0.1853329478830531,0.16776371002197266,0.056047384246123697
daily_mean,p95,1981_2020,1981_2010,p95_1981_2020_minus_1981_2010_daily_mean_baseline.tif,16,Barren,1000_1500,989,0.15698859713316204,0.1600360870361328,0.04441216921964046
daily_mean,p95,1981_2020,1981_2010,p95_1981_2020_minus_1981_2010_daily_mean_baseline.tif,16,Barren,1500_2000,63,0.2010939915974935,0.20391082763671875,0.04438962208638324
daily_mean,p95,1981_2020,1981_2010,p95_1981_2020_minus_1981_2010_daily_mean_baseline.tif,16,Barren,2000_2500,25,0.23428071022033692,0.22638511657714844,0.04582902803380023
daily_mean,p95,1981_2020,1981_2010,p95_1981_2020_minus_1981_2010_daily_mean_baseline.tif,16,Barren,2500_3500,34,0.2684713733546874,0.27339959144592285,0.050524123443152893
daily_mean,p95,1981_2020,1981_2010,p95_1981_2020_minus_1981_2010_daily_mean_baseline.tif,17,Water,0_500,1532,0.2241297957168858,0.23044872283935547,0.07586335952049984
daily_mean,p95,1981_2020,1981_2010,p95_1981_2020_minus_1981_2010_daily_mean_baseline.tif,17,Water,500_1000,43,0.23171345023221748,0.22251129150390625,0.07339456043288074
daily_mean,p95,1981_2020,1981_2010,p95_1981_2020_minus_1981_2010_daily_mean_baseline.tif,17,Water,1000_1500,9,0.18545023600260416,0.17964935302734375,0.015564886389981762
daily_mean,p95,1991_2020,1981_2010,p95_1991_2020_minus_1981_2010_daily_mean_baseline.tif,1,ENF,0_500,373,0.37213499872038897,0.3995819091796875,0.09831944033768042
daily_mean,p95,1991_2020,1981_2010,p95_1991_2020_minus_1981_2010_daily_mean_baseline.tif,1,ENF,500_1000,259,0.3388950723478693,0.36992835998535156,0.09224524605552031
daily_mean,p95,1991_2020,1981_2010,p95_1991_2020_minus_1981_2010_daily_mean_baseline.tif,1,ENF,1000_1500,251,0.40938971622056697,0.42711925506591797,0.09097928098862154
daily_mean,p95,1991_2020,1981_2010,p95_1991_2020_minus_1981_2010_daily_mean_baseline.tif,1,ENF,1500_2000,108,0.3889003771322745,0.4024391174316406,0.06509826208890822
daily_mean,p95,1991_2020,1981_2010,p95_1991_2020_minus_1981_2010_daily_mean_baseline.tif,2,EBF,0_500,134,0.17596721649169922,0.12775802612304688,0.11814767969298746
daily_mean,p95,1991_2020,1981_2010,p95_1991_2020_minus_1981_2010_daily_mean_baseline.tif,2,EBF,500_1000,23,0.20509914729906165,0.22279739379882812,0.07892306803328245
daily_mean,p95,1991_2020,1981_2010,p95_1991_2020_minus_1981_2010_daily_mean_baseline.tif,2,EBF,1000_1500,1,0.11986351013183594,0.11986351013183594,0.0
daily_mean,p95,1991_2020,1981_2010,p95_1991_2020_minus_1981_2010_daily_mean_baseline.tif,4,DBF,0_500,1278,0.44946866416035686,0.4521160125732422,0.09080305781629626
daily_mean,p95,1991_2020,1981_2010,p95_1991_2020_minus_1981_2010_daily_mean_baseline.tif,4,DBF,500_1000,1276,0.422920611211125,0.434847354888916,0.09997795321791052
daily_mean,p95,1991_2020,1981_2010,p95_1991_2020_minus_1981_2010_daily_mean_baseline.tif,4,DBF,1000_1500,361,0.3947937931050224,0.4079141616821289,0.09585703449765898
daily_mean,p95,1991_2020,1981_2010,p95_1991_2020_minus_1981_2010_daily_mean_baseline.tif,4,DBF,1500_2000,7,0.4221109662737165,0.4220705032348633,0.11546924442727567
daily_mean,p95,1991_2020,1981_2010,p95_1991_2020_minus_1981_2010_daily_mean_baseline.tif,5,MF,0_500,1403,0.43909563036026145,0.44295406341552734,0.052022272545903095
daily_mean,p95,1991_2020,1981_2010,p95_1991_2020_minus_1981_2010_daily_mean_baseline.tif,5,MF,500_1000,1186,0.4230940104737049,0.4323134422302246,0.07682787034030285
daily_mean,p95,1991_2020,1981_2010,p95_1991_2020_minus_1981_2010_daily_mean_baseline.tif,5,MF,1000_1500,599,0.4382732412054861,0.4541435241699219,0.08305491133905578
daily_mean,p95,1991_2020,1981_2010,p95_1991_2020_minus_1981_2010_daily_mean_baseline.tif,5,MF,1500_2000,49,0.40254200721273614,0.42825841903686523,0.09175009689595286
daily_mean,p95,1991_2020,1981_2010,p95_1991_2020_minus_1981_2010_daily_mean_baseline.tif,6,Closed Shrub,500_1000,1,0.46048545837402344,0.46048545837402344,0.0
daily_mean,p95,1991_2020,1981_2010,p95_1991_2020_minus_1981_2010_daily_mean_baseline.tif,7,Open Shrub,0_500,614,0.3096486535833402,0.2844381332397461,0.09664729289021941
daily_mean,p95,1991_2020,1981_2010,p95_1991_2020_minus_1981_2010_daily_mean_baseline.tif,7,Open Shrub,500_1000,1188,0.3067288663652208,0.2839927673339844,0.14152436165564652
daily_mean,p95,1991_2020,1981_2010,p95_1991_2020_minus_1981_2010_daily_mean_baseline.tif,7,Open Shrub,1000_1500,968,0.22071986257537338,0.1934833526611328,0.10248146710902975
daily_mean,p95,1991_2020,1981_2010,p95_1991_2020_minus_1981_2010_daily_mean_baseline.tif,7,Open Shrub,1500_2000,293,0.26075655771196904,0.2495880126953125,0.06594776973243105
daily_mean,p95,1991_2020,1981_2010,p95_1991_2020_minus_1981_2010_daily_mean_baseline.tif,7,Open Shrub,2000_2500,56,0.24231609276362828,0.24663448333740234,0.06433958873242888
daily_mean,p95,1991_2020,1981_2010,p95_1991_2020_minus_1981_2010_daily_mean_baseline.tif,7,Open Shrub,2500_3500,6,0.27488311131795246,0.26748037338256836,0.027094095213285495
daily_mean,p95,1991_2020,1981_2010,p95_1991_2020_minus_1981_2010_daily_mean_baseline.tif,8,Woody Savanna,0_500,1505,0.3324098295547637,0.36107826232910156,0.1345725650495545
daily_mean,p95,1991_2020,1981_2010,p95_1991_2020_minus_1981_2010_daily_mean_baseline.tif,8,Woody Savanna,500_1000,1206,0.32019982171888967,0.33479785919189453,0.12316007514780132
daily_mean,p95,1991_2020,1981_2010,p95_1991_2020_minus_1981_2010_daily_mean_baseline.tif,8,Woody Savanna,1000_1500,559,0.3763265669452483,0.3923158645629883,0.10688529373098032
daily_mean,p95,1991_2020,1981_2010,p95_1991_2020_minus_1981_2010_daily_mean_baseline.tif,8,Woody Savanna,1500_2000,72,0.38562562068303424,0.4053213596343994,0.09470415248648643
daily_mean,p95,1991_2020,1981_2010,p95_1991_2020_minus_1981_2010_daily_mean_baseline.tif,9,Savanna,0_500,4104,0.3442238169571577,0.354400634765625,0.13085399868772987
daily_mean,p95,1991_2020,1981_2010,p95_1991_2020_minus_1981_2010_daily_mean_baseline.tif,9,Savanna,500_1000,1843,0.35282153638238434,0.35764122009277344,0.10655600034145696
daily_mean,p95,1991_2020,1981_2010,p95_1991_2020_minus_1981_2010_daily_mean_baseline.tif,9,Savanna,1000_1500,493,0.3700177887148596,0.38407230377197266,0.10377195228008433
daily_mean,p95,1991_2020,1981_2010,p95_1991_2020_minus_1981_2010_daily_mean_baseline.tif,9,Savanna,1500_2000,20,0.3538052082061768,0.34539127349853516,0.0866812656769467
daily_mean,p95,1991_2020,1981_2010,p95_1991_2020_minus_1981_2010_daily_mean_baseline.tif,9,Savanna,2000_2500,1,0.4390697479248047,0.4390697479248047,0.0
daily_mean,p95,1991_2020,1981_2010,p95_1991_2020_minus_1981_2010_daily_mean_baseline.tif,10,Grass,0_500,2158,0.33444267693661894,0.32199764251708984,0.1257966912423799
daily_mean,p95,1991_2020,1981_2010,p95_1991_2020_minus_1981_2010_daily_mean_baseline.tif,10,Grass,500_1000,2042,0.3465507327050817,0.348508358001709,0.1052683310974142
daily_mean,p95,1991_2020,1981_2010,p95_1991_2020_minus_1981_2010_daily_mean_baseline.tif,10,Grass,1000_1500,1998,0.40205133283460465,0.4098019599914551,0.10015442757172714
daily_mean,p95,1991_2020,1981_2010,p95_1991_2020_minus_1981_2010_daily_mean_baseline.tif,10,Grass,1500_2000,1126,0.39452553917629046,0.40106987953186035,0.08497418683877848
daily_mean,p95,1991_2020,1981_2010,p95_1991_2020_minus_1981_2010_daily_mean_baseline.tif,10,Grass,2000_2500,452,0.3435502467693481,0.3416275978088379,0.07623626305519415
daily_mean,p95,1991_2020,1981_2010,p95_1991_2020_minus_1981_2010_daily_mean_baseline.tif,10,Grass,2500_3500,97,0.2990163749026269,0.2857940196990967,0.07198085762529413
daily_mean,p95,1991_2020,1981_2010,p95_1991_2020_minus_1981_2010_daily_mean_baseline.tif,11,Wetland,0_500,11,0.46936850114302203,0.46112632751464844,0.05077691048371377
daily_mean,p95,1991_2020,1981_2010,p95_1991_2020_minus_1981_2010_daily_mean_baseline.tif,11,Wetland,500_1000,1,0.5442123413085938,0.5442123413085938,0.0
daily_mean,p95,1991_2020,1981_2010,p95_1991_2020_minus_1981_2010_daily_mean_baseline.tif,12,Cropland,0_500,19968,0.4097915762701096,0.4303450584411621,0.11067730964663404
daily_mean,p95,1991_2020,1981_2010,p95_1991_2020_minus_1981_2010_daily_mean_baseline.tif,12,Cropland,500_1000,2714,0.3435543762381321,0.3535900115966797,0.12127190828459525
daily_mean,p95,1991_2020,1981_2010,p95_1991_2020_minus_1981_2010_daily_mean_baseline.tif,12,Cropland,1000_1500,809,0.37851646008391315,0.40085697174072266,0.10270878922504023
daily_mean,p95,1991_2020,1981_2010,p95_1991_2020_minus_1981_2010_daily_mean_baseline.tif,12,Cropland,1500_2000,42,0.4333726792108445,0.43236351013183594,0.06615838171389417
daily_mean,p95,1991_2020,1981_2010,p95_1991_2020_minus_1981_2010_daily_mean_baseline.tif,12,Cropland,2000_2500,2,0.33057498931884766,0.33057498931884766,0.08155632019042969
daily_mean,p95,1991_2020,1981_2010,p95_1991_2020_minus_1981_2010_daily_mean_baseline.tif,13,Urban,0_500,825,0.3971642234108665,0.4259014129638672,0.10069243710956657
daily_mean,p95,1991_2020,1981_2010,p95_1991_2020_minus_1981_2010_daily_mean_baseline.tif,13,Urban,500_1000,56,0.4202251774924142,0.42319726943969727,0.10945448875500462
daily_mean,p95,1991_2020,1981_2010,p95_1991_2020_minus_1981_2010_daily_mean_baseline.tif,13,Urban,1000_1500,6,0.37716182072957355,0.3999824523925781,0.08454447890476657
daily_mean,p95,1991_2020,1981_2010,p95_1991_2020_minus_1981_2010_daily_mean_baseline.tif,14,Crop/Nat Mosaic,0_500,996,0.2818388431426512,0.2791290283203125,0.1373320244622925
daily_mean,p95,1991_2020,1981_2010,p95_1991_2020_minus_1981_2010_daily_mean_baseline.tif,14,Crop/Nat Mosaic,500_1000,72,0.3586893611484104,0.34634876251220703,0.08899718051463888
daily_mean,p95,1991_2020,1981_2010,p95_1991_2020_minus_1981_2010_daily_mean_baseline.tif,14,Crop/Nat Mosaic,1000_1500,4,0.44699621200561523,0.4563150405883789,0.040931168767276774
daily_mean,p95,1991_2020,1981_2010,p95_1991_2020_minus_1981_2010_daily_mean_baseline.tif,15,Snow/Ice,2000_2500,1,0.4011878967285156,0.4011878967285156,0.0
daily_mean,p95,1991_2020,1981_2010,p95_1991_2020_minus_1981_2010_daily_mean_baseline.tif,15,Snow/Ice,2500_3500,3,0.35007989406585693,0.36570167541503906,0.08741195892839035
daily_mean,p95,1991_2020,1981_2010,p95_1991_2020_minus_1981_2010_daily_mean_baseline.tif,16,Barren,0_500,6734,0.3507755419462344,0.3507671356201172,0.05517773152868985
daily_mean,p95,1991_2020,1981_2010,p95_1991_2020_minus_1981_2010_daily_mean_baseline.tif,16,Barren,500_1000,3864,0.3194009226054632,0.2781953811645508,0.10979124565915373
daily_mean,p95,1991_2020,1981_2010,p95_1991_2020_minus_1981_2010_daily_mean_baseline.tif,16,Barren,1000_1500,989,0.2148478694101918,0.21405792236328125,0.07516484828538608
daily_mean,p95,1991_2020,1981_2010,p95_1991_2020_minus_1981_2010_daily_mean_baseline.tif,16,Barren,1500_2000,63,0.25783514598059276,0.25414466857910156,0.06475400258242502
daily_mean,p95,1991_2020,1981_2010,p95_1991_2020_minus_1981_2010_daily_mean_baseline.tif,16,Barren,2000_2500,25,0.2774993419647217,0.25610828399658203,0.0765182990313871
daily_mean,p95,1991_2020,1981_2010,p95_1991_2020_minus_1981_2010_daily_mean_baseline.tif,16,Barren,2500_3500,34,0.3548240065574646,0.35700535774230957,0.08308785264772679
daily_mean,p95,1991_2020,1981_2010,p95_1991_2020_minus_1981_2010_daily_mean_baseline.tif,17,Water,0_500,1532,0.35054837381248377,0.3468799591064453,0.11685189288253404
daily_mean,p95,1991_2020,1981_2010,p95_1991_2020_minus_1981_2010_daily_mean_baseline.tif,17,Water,500_1000,43,0.3763099936551826,0.40128135681152344,0.09053420461140405
daily_mean,p95,1991_2020,1981_2010,p95_1991_2020_minus_1981_2010_daily_mean_baseline.tif,17,Water,1000_1500,9,0.3435312906901042,0.33661460876464844,0.02328173934985195
daily_mean,p97,1981_2020,1981_2010,p97_1981_2020_minus_1981_2010_daily_mean_baseline.tif,1,ENF,0_500,373,0.24695439632712357,0.26290130615234375,0.07381599834626115
daily_mean,p97,1981_2020,1981_2010,p97_1981_2020_minus_1981_2010_daily_mean_baseline.tif,1,ENF,500_1000,259,0.22155084204949926,0.2514314651489258,0.07207902554452167
daily_mean,p97,1981_2020,1981_2010,p97_1981_2020_minus_1981_2010_daily_mean_baseline.tif,1,ENF,1000_1500,251,0.2724140136840334,0.2908000946044922,0.07968315863022163
daily_mean,p97,1981_2020,1981_2010,p97_1981_2020_minus_1981_2010_daily_mean_baseline.tif,1,ENF,1500_2000,108,0.2559784871560556,0.2589080333709717,0.04826616230259532
daily_mean,p97,1981_2020,1981_2010,p97_1981_2020_minus_1981_2010_daily_mean_baseline.tif,2,EBF,0_500,134,0.1289948990095907,0.11445331573486328,0.07111306027169831
daily_mean,p97,1981_2020,1981_2010,p97_1981_2020_minus_1981_2010_daily_mean_baseline.tif,2,EBF,500_1000,23,0.1327673455943232,0.13182830810546875,0.04649510578868105
daily_mean,p97,1981_2020,1981_2010,p97_1981_2020_minus_1981_2010_daily_mean_baseline.tif,2,EBF,1000_1500,1,0.07981681823730469,0.07981681823730469,0.0
daily_mean,p97,1981_2020,1981_2010,p97_1981_2020_minus_1981_2010_daily_mean_baseline.tif,4,DBF,0_500,1278,0.3003378429323295,0.31106996536254883,0.08222125833359216
daily_mean,p97,1981_2020,1981_2010,p97_1981_2020_minus_1981_2010_daily_mean_baseline.tif,4,DBF,500_1000,1276,0.2848480188734479,0.2951521873474121,0.08389661886470427
daily_mean,p97,1981_2020,1981_2010,p97_1981_2020_minus_1981_2010_daily_mean_baseline.tif,4,DBF,1000_1500,361,0.26926288710406615,0.2703523635864258,0.0743232006174303
daily_mean,p97,1981_2020,1981_2010,p97_1981_2020_minus_1981_2010_daily_mean_baseline.tif,4,DBF,1500_2000,7,0.2753685542515346,0.2740745544433594,0.07747165448576551
daily_mean,p97,1981_2020,1981_2010,p97_1981_2020_minus_1981_2010_daily_mean_baseline.tif,5,MF,0_500,1403,0.2961148461187557,0.29886817932128906,0.04480855063713337
daily_mean,p97,1981_2020,1981_2010,p97_1981_2020_minus_1981_2010_daily_mean_baseline.tif,5,MF,500_1000,1186,0.2913870465695154,0.2989645004272461,0.06041359834818423
daily_mean,p97,1981_2020,1981_2010,p97_1981_2020_minus_1981_2010_daily_mean_baseline.tif,5,MF,1000_1500,599,0.2995272534518489,0.31585073471069336,0.07255225372487586
daily_mean,p97,1981_2020,1981_2010,p97_1981_2020_minus_1981_2010_daily_mean_baseline.tif,5,MF,1500_2000,49,0.27856574739728657,0.2936668395996094,0.06321734007271662
daily_mean,p97,1981_2020,1981_2010,p97_1981_2020_minus_1981_2010_daily_mean_baseline.tif,6,Closed Shrub,500_1000,1,0.3743724822998047,0.3743724822998047,0.0
daily_mean,p97,1981_2020,1981_2010,p97_1981_2020_minus_1981_2010_daily_mean_baseline.tif,7,Open Shrub,0_500,614,0.2138021357284695,0.2055835723876953,0.07579651480064939
daily_mean,p97,1981_2020,1981_2010,p97_1981_2020_minus_1981_2010_daily_mean_baseline.tif,7,Open Shrub,500_1000,1188,0.20553631573815137,0.21599292755126953,0.1081529734174024
daily_mean,p97,1981_2020,1981_2010,p97_1981_2020_minus_1981_2010_daily_mean_baseline.tif,7,Open Shrub,1000_1500,968,0.14570893729028622,0.11370086669921875,0.0864941045431158
daily_mean,p97,1981_2020,1981_2010,p97_1981_2020_minus_1981_2010_daily_mean_baseline.tif,7,Open Shrub,1500_2000,293,0.20255249921779178,0.20508289337158203,0.04679321345964315
daily_mean,p97,1981_2020,1981_2010,p97_1981_2020_minus_1981_2010_daily_mean_baseline.tif,7,Open Shrub,2000_2500,56,0.19732740947178432,0.20475339889526367,0.037502099566493315
daily_mean,p97,1981_2020,1981_2010,p97_1981_2020_minus_1981_2010_daily_mean_baseline.tif,7,Open Shrub,2500_3500,6,0.23258558909098306,0.22000455856323242,0.023551958434858345
daily_mean,p97,1981_2020,1981_2010,p97_1981_2020_minus_1981_2010_daily_mean_baseline.tif,8,Woody Savanna,0_500,1505,0.22429238442962748,0.24156761169433594,0.09070008686708544
daily_mean,p97,1981_2020,1981_2010,p97_1981_2020_minus_1981_2010_daily_mean_baseline.tif,8,Woody Savanna,500_1000,1206,0.21861286345208264,0.2172861099243164,0.08916010260911078
daily_mean,p97,1981_2020,1981_2010,p97_1981_2020_minus_1981_2010_daily_mean_baseline.tif,8,Woody Savanna,1000_1500,559,0.26065605910818135,0.26201438903808594,0.08132660511365261
daily_mean,p97,1981_2020,1981_2010,p97_1981_2020_minus_1981_2010_daily_mean_baseline.tif,8,Woody Savanna,1500_2000,72,0.27380898263719344,0.291567325592041,0.06087744654039415
daily_mean,p97,1981_2020,1981_2010,p97_1981_2020_minus_1981_2010_daily_mean_baseline.tif,9,Savanna,0_500,4104,0.23891003740693625,0.24843502044677734,0.09104729560864029
daily_mean,p97,1981_2020,1981_2010,p97_1981_2020_minus_1981_2010_daily_mean_baseline.tif,9,Savanna,500_1000,1843,0.24046523404134335,0.24477005004882812,0.08847520489064972
daily_mean,p97,1981_2020,1981_2010,p97_1981_2020_minus_1981_2010_daily_mean_baseline.tif,9,Savanna,1000_1500,493,0.2617505626794533,0.2679719924926758,0.09696142790848018
daily_mean,p97,1981_2020,1981_2010,p97_1981_2020_minus_1981_2010_daily_mean_baseline.tif,9,Savanna,1500_2000,20,0.2606357097625732,0.25782346725463867,0.09034322728278293
daily_mean,p97,1981_2020,1981_2010,p97_1981_2020_minus_1981_2010_daily_mean_baseline.tif,9,Savanna,2000_2500,1,0.3879518508911133,0.3879518508911133,0.0
daily_mean,p97,1981_2020,1981_2010,p97_1981_2020_minus_1981_2010_daily_mean_baseline.tif,10,Grass,0_500,2158,0.21934776200090325,0.20644664764404297,0.0816258766295514
daily_mean,p97,1981_2020,1981_2010,p97_1981_2020_minus_1981_2010_daily_mean_baseline.tif,10,Grass,500_1000,2042,0.22516942421206065,0.22623634338378906,0.08177008383113422
daily_mean,p97,1981_2020,1981_2010,p97_1981_2020_minus_1981_2010_daily_mean_baseline.tif,10,Grass,1000_1500,1998,0.241423224543666,0.2458815574645996,0.08537038368098987
daily_mean,p97,1981_2020,1981_2010,p97_1981_2020_minus_1981_2010_daily_mean_baseline.tif,10,Grass,1500_2000,1126,0.24196060830280583,0.2349076271057129,0.07456455587054893
daily_mean,p97,1981_2020,1981_2010,p97_1981_2020_minus_1981_2010_daily_mean_baseline.tif,10,Grass,2000_2500,452,0.24770061104698518,0.24753642082214355,0.06331709405427041
daily_mean,p97,1981_2020,1981_2010,p97_1981_2020_minus_1981_2010_daily_mean_baseline.tif,10,Grass,2500_3500,97,0.233272924865644,0.23602294921875,0.057902052617694065
daily_mean,p97,1981_2020,1981_2010,p97_1981_2020_minus_1981_2010_daily_mean_baseline.tif,11,Wetland,0_500,11,0.29181419719349255,0.2986927032470703,0.04084533277516716
daily_mean,p97,1981_2020,1981_2010,p97_1981_2020_minus_1981_2010_daily_mean_baseline.tif,11,Wetland,500_1000,1,0.35356712341308594,0.35356712341308594,0.0
daily_mean,p97,1981_2020,1981_2010,p97_1981_2020_minus_1981_2010_daily_mean_baseline.tif,12,Cropland,0_500,19968,0.2656382895432986,0.2728152275085449,0.0799091226752434
daily_mean,p97,1981_2020,1981_2010,p97_1981_2020_minus_1981_2010_daily_mean_baseline.tif,12,Cropland,500_1000,2714,0.22928136749661135,0.24262619018554688,0.09875752927615096
daily_mean,p97,1981_2020,1981_2010,p97_1981_2020_minus_1981_2010_daily_mean_baseline.tif,12,Cropland,1000_1500,809,0.20309998284753675,0.1959362030029297,0.08712638043419293
daily_mean,p97,1981_2020,1981_2010,p97_1981_2020_minus_1981_2010_daily_mean_baseline.tif,12,Cropland,1500_2000,42,0.24876837503342403,0.2527503967285156,0.0495368610775065
daily_mean,p97,1981_2020,1981_2010,p97_1981_2020_minus_1981_2010_daily_mean_baseline.tif,12,Cropland,2000_2500,2,0.2159419059753418,0.2159419059753418,0.024947643280029297
daily_mean,p97,1981_2020,1981_2010,p97_1981_2020_minus_1981_2010_daily_mean_baseline.tif,13,Urban,0_500,825,0.26443715991395894,0.28101634979248047,0.07034420964165027
daily_mean,p97,1981_2020,1981_2010,p97_1981_2020_minus_1981_2010_daily_mean_baseline.tif,13,Urban,500_1000,56,0.25784739426204134,0.2674121856689453,0.07696799586456818
daily_mean,p97,1981_2020,1981_2010,p97_1981_2020_minus_1981_2010_daily_mean_baseline.tif,13,Urban,1000_1500,6,0.2045135498046875,0.19032001495361328,0.10996944413647297
daily_mean,p97,1981_2020,1981_2010,p97_1981_2020_minus_1981_2010_daily_mean_baseline.tif,14,Crop/Nat Mosaic,0_500,996,0.20295102816508956,0.20430755615234375,0.09170439406544227
daily_mean,p97,1981_2020,1981_2010,p97_1981_2020_minus_1981_2010_daily_mean_baseline.tif,14,Crop/Nat Mosaic,500_1000,72,0.24583685398101807,0.23916387557983398,0.08112355502603306
daily_mean,p97,1981_2020,1981_2010,p97_1981_2020_minus_1981_2010_daily_mean_baseline.tif,14,Crop/Nat Mosaic,1000_1500,4,0.3110466003417969,0.3003354072570801,0.053398279044780506
daily_mean,p97,1981_2020,1981_2010,p97_1981_2020_minus_1981_2010_daily_mean_baseline.tif,15,Snow/Ice,2000_2500,1,0.3162655830383301,0.3162655830383301,0.0
daily_mean,p97,1981_2020,1981_2010,p97_1981_2020_minus_1981_2010_daily_mean_baseline.tif,15,Snow/Ice,2500_3500,3,0.2911459604899089,0.2984910011291504,0.04729746120127399
daily_mean,p97,1981_2020,1981_2010,p97_1981_2020_minus_1981_2010_daily_mean_baseline.tif,16,Barren,0_500,6734,0.18765421794577525,0.17896652221679688,0.043837946146215064
daily_mean,p97,1981_2020,1981_2010,p97_1981_2020_minus_1981_2010_daily_mean_baseline.tif,16,Barren,500_1000,3864,0.18550313136098795,0.16578292846679688,0.06308550287223298
daily_mean,p97,1981_2020,1981_2010,p97_1981_2020_minus_1981_2010_daily_mean_baseline.tif,16,Barren,1000_1500,989,0.1506308814994727,0.1506328582763672,0.05082993307733997
daily_mean,p97,1981_2020,1981_2010,p97_1981_2020_minus_1981_2010_daily_mean_baseline.tif,16,Barren,1500_2000,63,0.2167998268490746,0.2181262969970703,0.04964146102514448
daily_mean,p97,1981_2020,1981_2010,p97_1981_2020_minus_1981_2010_daily_mean_baseline.tif,16,Barren,2000_2500,25,0.24231513023376464,0.23575162887573242,0.04562521804194013
daily_mean,p97,1981_2020,1981_2010,p97_1981_2020_minus_1981_2010_daily_mean_baseline.tif,16,Barren,2500_3500,34,0.28305746176663565,0.27758336067199707,0.06587926566461577
daily_mean,p97,1981_2020,1981_2010,p97_1981_2020_minus_1981_2010_daily_mean_baseline.tif,17,Water,0_500,1532,0.22123848925060144,0.22166824340820312,0.07764162215014687
daily_mean,p97,1981_2020,1981_2010,p97_1981_2020_minus_1981_2010_daily_mean_baseline.tif,17,Water,500_1000,43,0.22865916407385536,0.2158946990966797,0.07663058401387525
daily_mean,p97,1981_2020,1981_2010,p97_1981_2020_minus_1981_2010_daily_mean_baseline.tif,17,Water,1000_1500,9,0.19461610582139757,0.19169998168945312,0.01712614407845756
daily_mean,p97,1991_2020,1981_2010,p97_1991_2020_minus_1981_2010_daily_mean_baseline.tif,1,ENF,0_500,373,0.35323631347983514,0.36774635314941406,0.09876345547020615
daily_mean,p97,1991_2020,1981_2010,p97_1991_2020_minus_1981_2010_daily_mean_baseline.tif,1,ENF,500_1000,259,0.3264223268133333,0.3560371398925781,0.09450892981199281
daily_mean,p97,1991_2020,1981_2010,p97_1991_2020_minus_1981_2010_daily_mean_baseline.tif,1,ENF,1000_1500,251,0.39975199186469457,0.4159879684448242,0.10047272478090154
daily_mean,p97,1991_2020,1981_2010,p97_1991_2020_minus_1981_2010_daily_mean_baseline.tif,1,ENF,1500_2000,108,0.37429991033342147,0.3799896240234375,0.0662941546102164
daily_mean,p97,1991_2020,1981_2010,p97_1991_2020_minus_1981_2010_daily_mean_baseline.tif,2,EBF,0_500,134,0.16819605186804018,0.1581106185913086,0.10909888048214751
daily_mean,p97,1991_2020,1981_2010,p97_1991_2020_minus_1981_2010_daily_mean_baseline.tif,2,EBF,500_1000,23,0.18254852294921875,0.19593429565429688,0.059887186993487766
daily_mean,p97,1991_2020,1981_2010,p97_1991_2020_minus_1981_2010_daily_mean_baseline.tif,2,EBF,1000_1500,1,0.12321853637695312,0.12321853637695312,0.0
daily_mean,p97,1991_2020,1981_2010,p97_1991_2020_minus_1981_2010_daily_mean_baseline.tif,4,DBF,0_500,1278,0.4312966478076153,0.4417386054992676,0.10030399770998041
daily_mean,p97,1991_2020,1981_2010,p97_1991_2020_minus_1981_2010_daily_mean_baseline.tif,4,DBF,500_1000,1276,0.40739457809065577,0.41646862030029297,0.10262298318095912
daily_mean,p97,1991_2020,1981_2010,p97_1991_2020_minus_1981_2010_daily_mean_baseline.tif,4,DBF,1000_1500,361,0.380888368284273,0.3891124725341797,0.09666144892554983
daily_mean,p97,1991_2020,1981_2010,p97_1991_2020_minus_1981_2010_daily_mean_baseline.tif,4,DBF,1500_2000,7,0.40498570033482145,0.4316377639770508,0.09323119509534263
daily_mean,p97,1991_2020,1981_2010,p97_1991_2020_minus_1981_2010_daily_mean_baseline.tif,5,MF,0_500,1403,0.431225277743676,0.4377756118774414,0.05636605614557761
daily_mean,p97,1991_2020,1981_2010,p97_1991_2020_minus_1981_2010_daily_mean_baseline.tif,5,MF,500_1000,1186,0.4172610842558425,0.4277992248535156,0.08228595125431429
daily_mean,p97,1991_2020,1981_2010,p97_1991_2020_minus_1981_2010_daily_mean_baseline.tif,5,MF,1000_1500,599,0.4273350091529808,0.43843650817871094,0.08870637767234602
daily_mean,p97,1991_2020,1981_2010,p97_1991_2020_minus_1981_2010_daily_mean_baseline.tif,5,MF,1500_2000,49,0.38855475795512295,0.4066934585571289,0.09919091741327926
daily_mean,p97,1991_2020,1981_2010,p97_1991_2020_minus_1981_2010_daily_mean_baseline.tif,6,Closed Shrub,500_1000,1,0.48678016662597656,0.48678016662597656,0.0
daily_mean,p97,1991_2020,1981_2010,p97_1991_2020_minus_1981_2010_daily_mean_baseline.tif,7,Open Shrub,0_500,614,0.30945106903970826,0.27919578552246094,0.11176382913324065
daily_mean,p97,1991_2020,1981_2010,p97_1991_2020_minus_1981_2010_daily_mean_baseline.tif,7,Open Shrub,500_1000,1188,0.3061295406585591,0.27874088287353516,0.14435260195352032
daily_mean,p97,1991_2020,1981_2010,p97_1991_2020_minus_1981_2010_daily_mean_baseline.tif,7,Open Shrub,1000_1500,968,0.21367965552432477,0.18279361724853516,0.11158417921543724
daily_mean,p97,1991_2020,1981_2010,p97_1991_2020_minus_1981_2010_daily_mean_baseline.tif,7,Open Shrub,1500_2000,293,0.25731278116792544,0.25052833557128906,0.06477619946428416
daily_mean,p97,1991_2020,1981_2010,p97_1991_2020_minus_1981_2010_daily_mean_baseline.tif,7,Open Shrub,2000_2500,56,0.23209454332079207,0.2431492805480957,0.06687006080909234
daily_mean,p97,1991_2020,1981_2010,p97_1991_2020_minus_1981_2010_daily_mean_baseline.tif,7,Open Shrub,2500_3500,6,0.27412954966227215,0.2511153221130371,0.04021194825252888
daily_mean,p97,1991_2020,1981_2010,p97_1991_2020_minus_1981_2010_daily_mean_baseline.tif,8,Woody Savanna,0_500,1505,0.31307111404266863,0.3360404968261719,0.13180360729196025
daily_mean,p97,1991_2020,1981_2010,p97_1991_2020_minus_1981_2010_daily_mean_baseline.tif,8,Woody Savanna,500_1000,1206,0.3062101387068209,0.3181180953979492,0.12598364438381296
daily_mean,p97,1991_2020,1981_2010,p97_1991_2020_minus_1981_2010_daily_mean_baseline.tif,8,Woody Savanna,1000_1500,559,0.3656467845486827,0.3793010711669922,0.11376110732384723
daily_mean,p97,1991_2020,1981_2010,p97_1991_2020_minus_1981_2010_daily_mean_baseline.tif,8,Woody Savanna,1500_2000,72,0.3787994450993008,0.41087865829467773,0.09790358655822795
daily_mean,p97,1991_2020,1981_2010,p97_1991_2020_minus_1981_2010_daily_mean_baseline.tif,9,Savanna,0_500,4104,0.334700165203905,0.35004711151123047,0.13148527888719028
daily_mean,p97,1991_2020,1981_2010,p97_1991_2020_minus_1981_2010_daily_mean_baseline.tif,9,Savanna,500_1000,1843,0.341090593529472,0.3470287322998047,0.11228706214794867
daily_mean,p97,1991_2020,1981_2010,p97_1991_2020_minus_1981_2010_daily_mean_baseline.tif,9,Savanna,1000_1500,493,0.3599981236409464,0.36051082611083984,0.11568779877664304
daily_mean,p97,1991_2020,1981_2010,p97_1991_2020_minus_1981_2010_daily_mean_baseline.tif,9,Savanna,1500_2000,20,0.35708179473876955,0.3429388999938965,0.10565039762945487
daily_mean,p97,1991_2020,1981_2010,p97_1991_2020_minus_1981_2010_daily_mean_baseline.tif,9,Savanna,2000_2500,1,0.4684629440307617,0.4684629440307617,0.0
daily_mean,p97,1991_2020,1981_2010,p97_1991_2020_minus_1981_2010_daily_mean_baseline.tif,10,Grass,0_500,2158,0.3263734887329045,0.30991268157958984,0.12203122491206475
daily_mean,p97,1991_2020,1981_2010,p97_1991_2020_minus_1981_2010_daily_mean_baseline.tif,10,Grass,500_1000,2042,0.3379096709315854,0.3314390182495117,0.10649796069064439
daily_mean,p97,1991_2020,1981_2010,p97_1991_2020_minus_1981_2010_daily_mean_baseline.tif,10,Grass,1000_1500,1998,0.39273490347303786,0.399871826171875,0.10114822126560051
daily_mean,p97,1991_2020,1981_2010,p97_1991_2020_minus_1981_2010_daily_mean_baseline.tif,10,Grass,1500_2000,1126,0.38041076016468434,0.3885993957519531,0.08612328792987756
daily_mean,p97,1991_2020,1981_2010,p97_1991_2020_minus_1981_2010_daily_mean_baseline.tif,10,Grass,2000_2500,452,0.3377041853634657,0.334930419921875,0.0784030912649171
daily_mean,p97,1991_2020,1981_2010,p97_1991_2020_minus_1981_2010_daily_mean_baseline.tif,10,Grass,2500_3500,97,0.2992884129593053,0.2844352722167969,0.07645978348850956
daily_mean,p97,1991_2020,1981_2010,p97_1991_2020_minus_1981_2010_daily_mean_baseline.tif,11,Wetland,0_500,11,0.444141301241788,0.4379844665527344,0.05354316675553923
daily_mean,p97,1991_2020,1981_2010,p97_1991_2020_minus_1981_2010_daily_mean_baseline.tif,11,Wetland,500_1000,1,0.5468959808349609,0.5468959808349609,0.0
daily_mean,p97,1991_2020,1981_2010,p97_1991_2020_minus_1981_2010_daily_mean_baseline.tif,12,Cropland,0_500,19968,0.3945873979096993,0.41530513763427734,0.11028228011235118
daily_mean,p97,1991_2020,1981_2010,p97_1991_2020_minus_1981_2010_daily_mean_baseline.tif,12,Cropland,500_1000,2714,0.3397269315726632,0.3454780578613281,0.1224469148564841
daily_mean,p97,1991_2020,1981_2010,p97_1991_2020_minus_1981_2010_daily_mean_baseline.tif,12,Cropland,1000_1500,809,0.36352364241855845,0.37920379638671875,0.1041541364960622
daily_mean,p97,1991_2020,1981_2010,p97_1991_2020_minus_1981_2010_daily_mean_baseline.tif,12,Cropland,1500_2000,42,0.41954794384184335,0.4159255027770996,0.06918502637356133
daily_mean,p97,1991_2020,1981_2010,p97_1991_2020_minus_1981_2010_daily_mean_baseline.tif,12,Cropland,2000_2500,2,0.31342649459838867,0.31342649459838867,0.08708524703979492
daily_mean,p97,1991_2020,1981_2010,p97_1991_2020_minus_1981_2010_daily_mean_baseline.tif,13,Urban,0_500,825,0.3952523017652107,0.42405128479003906,0.10318421972846624
daily_mean,p97,1991_2020,1981_2010,p97_1991_2020_minus_1981_2010_daily_mean_baseline.tif,13,Urban,500_1000,56,0.41245589937482563,0.4025745391845703,0.10640222997249635
daily_mean,p97,1991_2020,1981_2010,p97_1991_2020_minus_1981_2010_daily_mean_baseline.tif,13,Urban,1000_1500,6,0.36483192443847656,0.37336063385009766,0.09210914384267692
daily_mean,p97,1991_2020,1981_2010,p97_1991_2020_minus_1981_2010_daily_mean_baseline.tif,14,Crop/Nat Mosaic,0_500,996,0.2633182935446621,0.2727546691894531,0.143401639325441
daily_mean,p97,1991_2020,1981_2010,p97_1991_2020_minus_1981_2010_daily_mean_baseline.tif,14,Crop/Nat Mosaic,500_1000,72,0.33931873904334175,0.3200044631958008,0.10540858964100651
daily_mean,p97,1991_2020,1981_2010,p97_1991_2020_minus_1981_2010_daily_mean_baseline.tif,14,Crop/Nat Mosaic,1000_1500,4,0.46552467346191406,0.4531259536743164,0.02287361543673931
daily_mean,p97,1991_2020,1981_2010,p97_1991_2020_minus_1981_2010_daily_mean_baseline.tif,15,Snow/Ice,2000_2500,1,0.4189581871032715,0.4189581871032715,0.0
daily_mean,p97,1991_2020,1981_2010,p97_1991_2020_minus_1981_2010_daily_mean_baseline.tif,15,Snow/Ice,2500_3500,3,0.3633959690729777,0.3930201530456543,0.08752001361964368
daily_mean,p97,1991_2020,1981_2010,p97_1991_2020_minus_1981_2010_daily_mean_baseline.tif,16,Barren,0_500,6734,0.355504174171586,0.35628318786621094,0.05942965627434722
daily_mean,p97,1991_2020,1981_2010,p97_1991_2020_minus_1981_2010_daily_mean_baseline.tif,16,Barren,500_1000,3864,0.32008038495144736,0.27352333068847656,0.11239986460104835
daily_mean,p97,1991_2020,1981_2010,p97_1991_2020_minus_1981_2010_daily_mean_baseline.tif,16,Barren,1000_1500,989,0.2079240627308104,0.20216941833496094,0.08054536010827382
daily_mean,p97,1991_2020,1981_2010,p97_1991_2020_minus_1981_2010_daily_mean_baseline.tif,16,Barren,1500_2000,63,0.26635896591913133,0.2649879455566406,0.0614498888410973
daily_mean,p97,1991_2020,1981_2010,p97_1991_2020_minus_1981_2010_daily_mean_baseline.tif,16,Barren,2000_2500,25,0.2787864971160889,0.26763153076171875,0.07134485324083249
daily_mean,p97,1991_2020,1981_2010,p97_1991_2020_minus_1981_2010_daily_mean_baseline.tif,16,Barren,2500_3500,34,0.36080234190996957,0.3709012269973755,0.0973036629863164
daily_mean,p97,1991_2020,1981_2010,p97_1991_2020_minus_1981_2010_daily_mean_baseline.tif,17,Water,0_500,1532,0.33968813612317916,0.33276844024658203,0.11867341118167347
daily_mean,p97,1991_2020,1981_2010,p97_1991_2020_minus_1981_2010_daily_mean_baseline.tif,17,Water,500_1000,43,0.36543462442797287,0.3742866516113281,0.09219347357180273
daily_mean,p97,1991_2020,1981_2010,p97_1991_2020_minus_1981_2010_daily_mean_baseline.tif,17,Water,1000_1500,9,0.3454129960801866,0.33930206298828125,0.02644406511794832
daily_mean,p99,1981_2020,1981_2010,p99_1981_2020_minus_1981_2010_daily_mean_baseline.tif,1,ENF,0_500,373,0.26845503748262217,0.2990379333496094,0.08263504348915908
daily_mean,p99,1981_2020,1981_2010,p99_1981_2020_minus_1981_2010_daily_mean_baseline.tif,1,ENF,500_1000,259,0.250065549460157,0.2712717056274414,0.08887035121891362
daily_mean,p99,1981_2020,1981_2010,p99_1981_2020_minus_1981_2010_daily_mean_baseline.tif,1,ENF,1000_1500,251,0.2917482919427028,0.31267547607421875,0.09195793285838097
daily_mean,p99,1981_2020,1981_2010,p99_1981_2020_minus_1981_2010_daily_mean_baseline.tif,1,ENF,1500_2000,108,0.27681367927127415,0.28033924102783203,0.05267844935267062
daily_mean,p99,1981_2020,1981_2010,p99_1981_2020_minus_1981_2010_daily_mean_baseline.tif,2,EBF,0_500,134,0.14812515031045942,0.14072799682617188,0.055492409029250366
daily_mean,p99,1981_2020,1981_2010,p99_1981_2020_minus_1981_2010_daily_mean_baseline.tif,2,EBF,500_1000,23,0.14482191334600034,0.14754104614257812,0.05448710537344559
daily_mean,p99,1981_2020,1981_2010,p99_1981_2020_minus_1981_2010_daily_mean_baseline.tif,2,EBF,1000_1500,1,0.08339118957519531,0.08339118957519531,0.0
daily_mean,p99,1981_2020,1981_2010,p99_1981_2020_minus_1981_2010_daily_mean_baseline.tif,4,DBF,0_500,1278,0.2802524103991489,0.2799110412597656,0.0902599868994946
daily_mean,p99,1981_2020,1981_2010,p99_1981_2020_minus_1981_2010_daily_mean_baseline.tif,4,DBF,500_1000,1276,0.2767932833548997,0.2711982727050781,0.09197035674217158
daily_mean,p99,1981_2020,1981_2010,p99_1981_2020_minus_1981_2010_daily_mean_baseline.tif,4,DBF,1000_1500,361,0.2750568178552009,0.275390625,0.08155937745767367
daily_mean,p99,1981_2020,1981_2010,p99_1981_2020_minus_1981_2010_daily_mean_baseline.tif,4,DBF,1500_2000,7,0.2832845960344587,0.2815732955932617,0.09431646366824505
daily_mean,p99,1981_2020,1981_2010,p99_1981_2020_minus_1981_2010_daily_mean_baseline.tif,5,MF,0_500,1403,0.29955815691142446,0.30461692810058594,0.05659218754972936
daily_mean,p99,1981_2020,1981_2010,p99_1981_2020_minus_1981_2010_daily_mean_baseline.tif,5,MF,500_1000,1186,0.30433231340894007,0.3046994209289551,0.06945521940431626
daily_mean,p99,1981_2020,1981_2010,p99_1981_2020_minus_1981_2010_daily_mean_baseline.tif,5,MF,1000_1500,599,0.31250805528414666,0.3243083953857422,0.08870917422307398
daily_mean,p99,1981_2020,1981_2010,p99_1981_2020_minus_1981_2010_daily_mean_baseline.tif,5,MF,1500_2000,49,0.30551942513913527,0.31433773040771484,0.07755395049964806
daily_mean,p99,1981_2020,1981_2010,p99_1981_2020_minus_1981_2010_daily_mean_baseline.tif,6,Closed Shrub,500_1000,1,0.362579345703125,0.362579345703125,0.0
daily_mean,p99,1981_2020,1981_2010,p99_1981_2020_minus_1981_2010_daily_mean_baseline.tif,7,Open Shrub,0_500,614,0.22624571548611022,0.23031902313232422,0.09855600522315579
daily_mean,p99,1981_2020,1981_2010,p99_1981_2020_minus_1981_2010_daily_mean_baseline.tif,7,Open Shrub,500_1000,1188,0.21414135120533132,0.21162796020507812,0.12420987802305715
daily_mean,p99,1981_2020,1981_2010,p99_1981_2020_minus_1981_2010_daily_mean_baseline.tif,7,Open Shrub,1000_1500,968,0.12717822366509557,0.09969615936279297,0.11122592629881557
daily_mean,p99,1981_2020,1981_2010,p99_1981_2020_minus_1981_2010_daily_mean_baseline.tif,7,Open Shrub,1500_2000,293,0.20605217474719364,0.20131301879882812,0.05718679007850258
daily_mean,p99,1981_2020,1981_2010,p99_1981_2020_minus_1981_2010_daily_mean_baseline.tif,7,Open Shrub,2000_2500,56,0.18762666838509695,0.18668651580810547,0.04116531970717713
daily_mean,p99,1981_2020,1981_2010,p99_1981_2020_minus_1981_2010_daily_mean_baseline.tif,7,Open Shrub,2500_3500,6,0.2100850741068522,0.1953744888305664,0.041206118245129014
daily_mean,p99,1981_2020,1981_2010,p99_1981_2020_minus_1981_2010_daily_mean_baseline.tif,8,Woody Savanna,0_500,1505,0.22007398953865534,0.2235851287841797,0.08449041236740773
daily_mean,p99,1981_2020,1981_2010,p99_1981_2020_minus_1981_2010_daily_mean_baseline.tif,8,Woody Savanna,500_1000,1206,0.22874153273220282,0.21751880645751953,0.09418806866895271
daily_mean,p99,1981_2020,1981_2010,p99_1981_2020_minus_1981_2010_daily_mean_baseline.tif,8,Woody Savanna,1000_1500,559,0.27583281170703433,0.27722740173339844,0.09282544956019788
daily_mean,p99,1981_2020,1981_2010,p99_1981_2020_minus_1981_2010_daily_mean_baseline.tif,8,Woody Savanna,1500_2000,72,0.3087223238415188,0.32483911514282227,0.06857313009423854
daily_mean,p99,1981_2020,1981_2010,p99_1981_2020_minus_1981_2010_daily_mean_baseline.tif,9,Savanna,0_500,4104,0.24662329021253085,0.25375843048095703,0.09767104772157705
daily_mean,p99,1981_2020,1981_2010,p99_1981_2020_minus_1981_2010_daily_mean_baseline.tif,9,Savanna,500_1000,1843,0.25020420790624176,0.2525920867919922,0.09669269365226033
daily_mean,p99,1981_2020,1981_2010,p99_1981_2020_minus_1981_2010_daily_mean_baseline.tif,9,Savanna,1000_1500,493,0.270530607830922,0.2644519805908203,0.10837483234917004
daily_mean,p99,1981_2020,1981_2010,p99_1981_2020_minus_1981_2010_daily_mean_baseline.tif,9,Savanna,1500_2000,20,0.27553954124450686,0.27736330032348633,0.10996104787352835
daily_mean,p99,1981_2020,1981_2010,p99_1981_2020_minus_1981_2010_daily_mean_baseline.tif,9,Savanna,2000_2500,1,0.3977832794189453,0.3977832794189453,0.0
daily_mean,p99,1981_2020,1981_2010,p99_1981_2020_minus_1981_2010_daily_mean_baseline.tif,10,Grass,0_500,2158,0.23070833481938005,0.22861194610595703,0.09697672230307272
daily_mean,p99,1981_2020,1981_2010,p99_1981_2020_minus_1981_2010_daily_mean_baseline.tif,10,Grass,500_1000,2042,0.24598328723963514,0.2518348693847656,0.09692745445679549
daily_mean,p99,1981_2020,1981_2010,p99_1981_2020_minus_1981_2010_daily_mean_baseline.tif,10,Grass,1000_1500,1998,0.2601007331718315,0.26777172088623047,0.0998212689995397
daily_mean,p99,1981_2020,1981_2010,p99_1981_2020_minus_1981_2010_daily_mean_baseline.tif,10,Grass,1500_2000,1126,0.26840809268172217,0.2586398124694824,0.089269516260344
daily_mean,p99,1981_2020,1981_2010,p99_1981_2020_minus_1981_2010_daily_mean_baseline.tif,10,Grass,2000_2500,452,0.2942538551524677,0.2892897129058838,0.07683813941822008
daily_mean,p99,1981_2020,1981_2010,p99_1981_2020_minus_1981_2010_daily_mean_baseline.tif,10,Grass,2500_3500,97,0.277694699690514,0.27292442321777344,0.08560845191065351
daily_mean,p99,1981_2020,1981_2010,p99_1981_2020_minus_1981_2010_daily_mean_baseline.tif,11,Wetland,0_500,11,0.28348853371360083,0.26614952087402344,0.05597856785694961
daily_mean,p99,1981_2020,1981_2010,p99_1981_2020_minus_1981_2010_daily_mean_baseline.tif,11,Wetland,500_1000,1,0.41080284118652344,0.41080284118652344,0.0
daily_mean,p99,1981_2020,1981_2010,p99_1981_2020_minus_1981_2010_daily_mean_baseline.tif,12,Cropland,0_500,19968,0.26969817290321374,0.27358150482177734,0.08947957768382257
daily_mean,p99,1981_2020,1981_2010,p99_1981_2020_minus_1981_2010_daily_mean_baseline.tif,12,Cropland,500_1000,2714,0.25184426451748404,0.27143383026123047,0.11526702999844496
daily_mean,p99,1981_2020,1981_2010,p99_1981_2020_minus_1981_2010_daily_mean_baseline.tif,12,Cropland,1000_1500,809,0.2079075635289969,0.1908721923828125,0.09923585305989813
daily_mean,p99,1981_2020,1981_2010,p99_1981_2020_minus_1981_2010_daily_mean_baseline.tif,12,Cropland,1500_2000,42,0.2613184792654855,0.2585749626159668,0.07438482130796717
daily_mean,p99,1981_2020,1981_2010,p99_1981_2020_minus_1981_2010_daily_mean_baseline.tif,12,Cropland,2000_2500,2,0.2328481674194336,0.2328481674194336,0.03523540496826172
daily_mean,p99,1981_2020,1981_2010,p99_1981_2020_minus_1981_2010_daily_mean_baseline.tif,13,Urban,0_500,825,0.27910379351991593,0.29076385498046875,0.07580530678514771
daily_mean,p99,1981_2020,1981_2010,p99_1981_2020_minus_1981_2010_daily_mean_baseline.tif,13,Urban,500_1000,56,0.2703959771565029,0.2631406784057617,0.08730287912577134
daily_mean,p99,1981_2020,1981_2010,p99_1981_2020_minus_1981_2010_daily_mean_baseline.tif,13,Urban,1000_1500,6,0.22158940633138022,0.1647624969482422,0.14206066782134902
daily_mean,p99,1981_2020,1981_2010,p99_1981_2020_minus_1981_2010_daily_mean_baseline.tif,14,Crop/Nat Mosaic,0_500,996,0.2131049211724216,0.21749305725097656,0.0899832198426081
daily_mean,p99,1981_2020,1981_2010,p99_1981_2020_minus_1981_2010_daily_mean_baseline.tif,14,Crop/Nat Mosaic,500_1000,72,0.23142202695210776,0.2078533172607422,0.09573501029084869
daily_mean,p99,1981_2020,1981_2010,p99_1981_2020_minus_1981_2010_daily_mean_baseline.tif,14,Crop/Nat Mosaic,1000_1500,4,0.3187747001647949,0.30591583251953125,0.1080663082125771
daily_mean,p99,1981_2020,1981_2010,p99_1981_2020_minus_1981_2010_daily_mean_baseline.tif,15,Snow/Ice,2000_2500,1,0.4102907180786133,0.4102907180786133,0.0
daily_mean,p99,1981_2020,1981_2010,p99_1981_2020_minus_1981_2010_daily_mean_baseline.tif,15,Snow/Ice,2500_3500,3,0.3684577941894531,0.36945152282714844,0.04466702816180747
daily_mean,p99,1981_2020,1981_2010,p99_1981_2020_minus_1981_2010_daily_mean_baseline.tif,16,Barren,0_500,6734,0.19563737834707226,0.1877737045288086,0.059381829359705735
daily_mean,p99,1981_2020,1981_2010,p99_1981_2020_minus_1981_2010_daily_mean_baseline.tif,16,Barren,500_1000,3864,0.18163984804173186,0.1585855484008789,0.07206342279732005
daily_mean,p99,1981_2020,1981_2010,p99_1981_2020_minus_1981_2010_daily_mean_baseline.tif,16,Barren,1000_1500,989,0.1311750614486401,0.13204193115234375,0.0675269711113494
daily_mean,p99,1981_2020,1981_2010,p99_1981_2020_minus_1981_2010_daily_mean_baseline.tif,16,Barren,1500_2000,63,0.20327374291798425,0.21504783630371094,0.04411626865598537
daily_mean,p99,1981_2020,1981_2010,p99_1981_2020_minus_1981_2010_daily_mean_baseline.tif,16,Barren,2000_2500,25,0.24882816314697265,0.22583389282226562,0.07426002709413228
daily_mean,p99,1981_2020,1981_2010,p99_1981_2020_minus_1981_2010_daily_mean_baseline.tif,16,Barren,2500_3500,34,0.34108836861217723,0.34151124954223633,0.10070211349581049
daily_mean,p99,1981_2020,1981_2010,p99_1981_2020_minus_1981_2010_daily_mean_baseline.tif,17,Water,0_500,1532,0.22504907613012248,0.2283163070678711,0.09090198155018614
daily_mean,p99,1981_2020,1981_2010,p99_1981_2020_minus_1981_2010_daily_mean_baseline.tif,17,Water,500_1000,43,0.240036454311637,0.23965930938720703,0.07605998374502106
daily_mean,p99,1981_2020,1981_2010,p99_1981_2020_minus_1981_2010_daily_mean_baseline.tif,17,Water,1000_1500,9,0.22834820217556423,0.23031044006347656,0.013579516314814546
daily_mean,p99,1991_2020,1981_2010,p99_1991_2020_minus_1981_2010_daily_mean_baseline.tif,1,ENF,0_500,373,0.3353582515154064,0.36530303955078125,0.08846890084432354
daily_mean,p99,1991_2020,1981_2010,p99_1991_2020_minus_1981_2010_daily_mean_baseline.tif,1,ENF,500_1000,259,0.3148724655387024,0.32945728302001953,0.098944945094649
daily_mean,p99,1991_2020,1981_2010,p99_1991_2020_minus_1981_2010_daily_mean_baseline.tif,1,ENF,1000_1500,251,0.3885791862153437,0.40528011322021484,0.10413632879074546
daily_mean,p99,1991_2020,1981_2010,p99_1991_2020_minus_1981_2010_daily_mean_baseline.tif,1,ENF,1500_2000,108,0.3643373206809715,0.37537050247192383,0.06835093111211221
daily_mean,p99,1991_2020,1981_2010,p99_1991_2020_minus_1981_2010_daily_mean_baseline.tif,2,EBF,0_500,134,0.14942405472940473,0.14089202880859375,0.09410303654407035
daily_mean,p99,1991_2020,1981_2010,p99_1991_2020_minus_1981_2010_daily_mean_baseline.tif,2,EBF,500_1000,23,0.1582928533139436,0.16326141357421875,0.060609665375215324
daily_mean,p99,1991_2020,1981_2010,p99_1991_2020_minus_1981_2010_daily_mean_baseline.tif,2,EBF,1000_1500,1,0.11218070983886719,0.11218070983886719,0.0
daily_mean,p99,1991_2020,1981_2010,p99_1991_2020_minus_1981_2010_daily_mean_baseline.tif,4,DBF,0_500,1278,0.3637521979581209,0.35852861404418945,0.10361138526130421
daily_mean,p99,1991_2020,1981_2010,p99_1991_2020_minus_1981_2010_daily_mean_baseline.tif,4,DBF,500_1000,1276,0.3610503172799711,0.3514375686645508,0.11484667710297025
daily_mean,p99,1991_2020,1981_2010,p99_1991_2020_minus_1981_2010_daily_mean_baseline.tif,4,DBF,1000_1500,361,0.35474413187550047,0.35791015625,0.11118077174090829
daily_mean,p99,1991_2020,1981_2010,p99_1991_2020_minus_1981_2010_daily_mean_baseline.tif,4,DBF,1500_2000,7,0.39753477913992746,0.41591644287109375,0.10977744824158361
daily_mean,p99,1991_2020,1981_2010,p99_1991_2020_minus_1981_2010_daily_mean_baseline.tif,5,MF,0_500,1403,0.37912027137413756,0.3813648223876953,0.07191867508192808
daily_mean,p99,1991_2020,1981_2010,p99_1991_2020_minus_1981_2010_daily_mean_baseline.tif,5,MF,500_1000,1186,0.374471218951838,0.3768172264099121,0.10073359970177394
daily_mean,p99,1991_2020,1981_2010,p99_1991_2020_minus_1981_2010_daily_mean_baseline.tif,5,MF,1000_1500,599,0.40001382732232144,0.4142122268676758,0.11185931389099697
daily_mean,p99,1991_2020,1981_2010,p99_1991_2020_minus_1981_2010_daily_mean_baseline.tif,5,MF,1500_2000,49,0.37329927755861864,0.4187650680541992,0.11867783492278129
daily_mean,p99,1991_2020,1981_2010,p99_1991_2020_minus_1981_2010_daily_mean_baseline.tif,6,Closed Shrub,500_1000,1,0.4243144989013672,0.4243144989013672,0.0
daily_mean,p99,1991_2020,1981_2010,p99_1991_2020_minus_1981_2010_daily_mean_baseline.tif,7,Open Shrub,0_500,614,0.3046079940050355,0.2748851776123047,0.12558846193300793
daily_mean,p99,1991_2020,1981_2010,p99_1991_2020_minus_1981_2010_daily_mean_baseline.tif,7,Open Shrub,500_1000,1188,0.2969141054635096,0.27819156646728516,0.14667559240623976
daily_mean,p99,1991_2020,1981_2010,p99_1991_2020_minus_1981_2010_daily_mean_baseline.tif,7,Open Shrub,1000_1500,968,0.17377305621943198,0.15565967559814453,0.13431950461001232
daily_mean,p99,1991_2020,1981_2010,p99_1991_2020_minus_1981_2010_daily_mean_baseline.tif,7,Open Shrub,1500_2000,293,0.23286863398633312,0.2253742218017578,0.07771849944045847
daily_mean,p99,1991_2020,1981_2010,p99_1991_2020_minus_1981_2010_daily_mean_baseline.tif,7,Open Shrub,2000_2500,56,0.1881220851625715,0.19001436233520508,0.07943940583614102
daily_mean,p99,1991_2020,1981_2010,p99_1991_2020_minus_1981_2010_daily_mean_baseline.tif,7,Open Shrub,2500_3500,6,0.20397520065307617,0.19119644165039062,0.07930436628260198
daily_mean,p99,1991_2020,1981_2010,p99_1991_2020_minus_1981_2010_daily_mean_baseline.tif,8,Woody Savanna,0_500,1505,0.2674995301965859,0.2754859924316406,0.11256542732780556
daily_mean,p99,1991_2020,1981_2010,p99_1991_2020_minus_1981_2010_daily_mean_baseline.tif,8,Woody Savanna,500_1000,1206,0.27698250987241124,0.2716512680053711,0.13566833481397536
daily_mean,p99,1991_2020,1981_2010,p99_1991_2020_minus_1981_2010_daily_mean_baseline.tif,8,Woody Savanna,1000_1500,559,0.3425258361802758,0.34165382385253906,0.13013060039559438
daily_mean,p99,1991_2020,1981_2010,p99_1991_2020_minus_1981_2010_daily_mean_baseline.tif,8,Woody Savanna,1500_2000,72,0.37161362171173096,0.39710187911987305,0.10788878106721339
daily_mean,p99,1991_2020,1981_2010,p99_1991_2020_minus_1981_2010_daily_mean_baseline.tif,9,Savanna,0_500,4104,0.30383042982447217,0.3180837631225586,0.1347475536583185
daily_mean,p99,1991_2020,1981_2010,p99_1991_2020_minus_1981_2010_daily_mean_baseline.tif,9,Savanna,500_1000,1843,0.31302844475483804,0.3135185241699219,0.1226739398229509
daily_mean,p99,1991_2020,1981_2010,p99_1991_2020_minus_1981_2010_daily_mean_baseline.tif,9,Savanna,1000_1500,493,0.3371553653152187,0.33090972900390625,0.14183096871581777
daily_mean,p99,1991_2020,1981_2010,p99_1991_2020_minus_1981_2010_daily_mean_baseline.tif,9,Savanna,1500_2000,20,0.33438830375671386,0.3119511604309082,0.1301573934663395
daily_mean,p99,1991_2020,1981_2010,p99_1991_2020_minus_1981_2010_daily_mean_baseline.tif,9,Savanna,2000_2500,1,0.45010852813720703,0.45010852813720703,0.0
daily_mean,p99,1991_2020,1981_2010,p99_1991_2020_minus_1981_2010_daily_mean_baseline.tif,10,Grass,0_500,2158,0.30981761642470196,0.3086118698120117,0.1342592671591322
daily_mean,p99,1991_2020,1981_2010,p99_1991_2020_minus_1981_2010_daily_mean_baseline.tif,10,Grass,500_1000,2042,0.3284417104767772,0.3290424346923828,0.12157829840098802
daily_mean,p99,1991_2020,1981_2010,p99_1991_2020_minus_1981_2010_daily_mean_baseline.tif,10,Grass,1000_1500,1998,0.38702453769840395,0.38381147384643555,0.11663108577090184
daily_mean,p99,1991_2020,1981_2010,p99_1991_2020_minus_1981_2010_daily_mean_baseline.tif,10,Grass,1500_2000,1126,0.3756726355578082,0.375882625579834,0.09717622141032183
daily_mean,p99,1991_2020,1981_2010,p99_1991_2020_minus_1981_2010_daily_mean_baseline.tif,10,Grass,2000_2500,452,0.35031441196931146,0.356675386428833,0.08957911509405046
daily_mean,p99,1991_2020,1981_2010,p99_1991_2020_minus_1981_2010_daily_mean_baseline.tif,10,Grass,2500_3500,97,0.31831460392352234,0.31372928619384766,0.10420679319515636
daily_mean,p99,1991_2020,1981_2010,p99_1991_2020_minus_1981_2010_daily_mean_baseline.tif,11,Wetland,0_500,11,0.40329464999112213,0.3827381134033203,0.07036817842193387
daily_mean,p99,1991_2020,1981_2010,p99_1991_2020_minus_1981_2010_daily_mean_baseline.tif,11,Wetland,500_1000,1,0.5750389099121094,0.5750389099121094,0.0
daily_mean,p99,1991_2020,1981_2010,p99_1991_2020_minus_1981_2010_daily_mean_baseline.tif,12,Cropland,0_500,19968,0.36087205074727535,0.3569660186767578,0.11360111327609097
daily_mean,p99,1991_2020,1981_2010,p99_1991_2020_minus_1981_2010_daily_mean_baseline.tif,12,Cropland,500_1000,2714,0.32721802866801497,0.3286905288696289,0.1340716762392352
daily_mean,p99,1991_2020,1981_2010,p99_1991_2020_minus_1981_2010_daily_mean_baseline.tif,12,Cropland,1000_1500,809,0.3483148428654052,0.3481025695800781,0.11877505595771755
daily_mean,p99,1991_2020,1981_2010,p99_1991_2020_minus_1981_2010_daily_mean_baseline.tif,12,Cropland,1500_2000,42,0.39960209528605145,0.4013199806213379,0.08934161386747567
daily_mean,p99,1991_2020,1981_2010,p99_1991_2020_minus_1981_2010_daily_mean_baseline.tif,12,Cropland,2000_2500,2,0.30668115615844727,0.30668115615844727,0.10421133041381836
daily_mean,p99,1991_2020,1981_2010,p99_1991_2020_minus_1981_2010_daily_mean_baseline.tif,13,Urban,0_500,825,0.3692857048728249,0.3912944793701172,0.10187577515394236
daily_mean,p99,1991_2020,1981_2010,p99_1991_2020_minus_1981_2010_daily_mean_baseline.tif,13,Urban,500_1000,56,0.3883692707334246,0.3813333511352539,0.1247265339257313
daily_mean,p99,1991_2020,1981_2010,p99_1991_2020_minus_1981_2010_daily_mean_baseline.tif,13,Urban,1000_1500,6,0.3568410873413086,0.3134746551513672,0.11937854808690587
daily_mean,p99,1991_2020,1981_2010,p99_1991_2020_minus_1981_2010_daily_mean_baseline.tif,14,Crop/Nat Mosaic,0_500,996,0.2294089439882332,0.23646068572998047,0.1498190067936988
daily_mean,p99,1991_2020,1981_2010,p99_1991_2020_minus_1981_2010_daily_mean_baseline.tif,14,Crop/Nat Mosaic,500_1000,72,0.2711704704496596,0.2572517395019531,0.11790355228377132
daily_mean,p99,1991_2020,1981_2010,p99_1991_2020_minus_1981_2010_daily_mean_baseline.tif,14,Crop/Nat Mosaic,1000_1500,4,0.43678760528564453,0.41643285751342773,0.08609537589994945
daily_mean,p99,1991_2020,1981_2010,p99_1991_2020_minus_1981_2010_daily_mean_baseline.tif,15,Snow/Ice,2000_2500,1,0.4594860076904297,0.4594860076904297,0.0
daily_mean,p99,1991_2020,1981_2010,p99_1991_2020_minus_1981_2010_daily_mean_baseline.tif,15,Snow/Ice,2500_3500,3,0.4227599302927653,0.42279911041259766,0.045079948112972085
daily_mean,p99,1991_2020,1981_2010,p99_1991_2020_minus_1981_2010_daily_mean_baseline.tif,16,Barren,0_500,6734,0.34463629115042077,0.3412485122680664,0.07639077584734145
daily_mean,p99,1991_2020,1981_2010,p99_1991_2020_minus_1981_2010_daily_mean_baseline.tif,16,Barren,500_1000,3864,0.3002050989162848,0.2568244934082031,0.11122634827947118
daily_mean,p99,1991_2020,1981_2010,p99_1991_2020_minus_1981_2010_daily_mean_baseline.tif,16,Barren,1000_1500,989,0.18212487362513527,0.18730735778808594,0.09611178890339468
daily_mean,p99,1991_2020,1981_2010,p99_1991_2020_minus_1981_2010_daily_mean_baseline.tif,16,Barren,1500_2000,63,0.23199290320986793,0.2348918914794922,0.06546722707097569
daily_mean,p99,1991_2020,1981_2010,p99_1991_2020_minus_1981_2010_daily_mean_baseline.tif,16,Barren,2000_2500,25,0.26165721893310545,0.23633575439453125,0.09315033838935456
daily_mean,p99,1991_2020,1981_2010,p99_1991_2020_minus_1981_2010_daily_mean_baseline.tif,16,Barren,2500_3500,34,0.3908311654539669,0.40194034576416016,0.13173348516141423
daily_mean,p99,1991_2020,1981_2010,p99_1991_2020_minus_1981_2010_daily_mean_baseline.tif,17,Water,0_500,1532,0.31445972352986545,0.3096628189086914,0.1272331703402937
daily_mean,p99,1991_2020,1981_2010,p99_1991_2020_minus_1981_2010_daily_mean_baseline.tif,17,Water,500_1000,43,0.35275255247604015,0.3580818176269531,0.10159122502124623
daily_mean,p99,1991_2020,1981_2010,p99_1991_2020_minus_1981_2010_daily_mean_baseline.tif,17,Water,1000_1500,9,0.3607652452256944,0.3607044219970703,0.013586827583459872
