daily_stat,percentile,baseline_A,baseline_B,top_frac,LC_code,LC_name,count_hot,fraction_hotspot,fraction_global,enrichment_ratio,difference,reliable,filename
daily_mean,p90,1981_2020,1981_2010,0.05,1,ENF,12,0.0035597745476119848,0.008247845711940911,0.43160052599653764,-0.004688071164328926,False,p90_1981_2020_minus_1981_2010_daily_mean_baseline.tif
daily_mean,p90,1981_2020,1981_2010,0.05,4,DBF,106,0.031444675170572534,0.024160853508411982,1.3014720344885404,0.0072838216621605514,True,p90_1981_2020_minus_1981_2010_daily_mean_baseline.tif
daily_mean,p90,1981_2020,1981_2010,0.05,5,MF,247,0.07327202610501335,0.02656544932293804,2.758170028080283,0.04670657678207531,True,p90_1981_2020_minus_1981_2010_daily_mean_baseline.tif
daily_mean,p90,1981_2020,1981_2010,0.05,7,Open Shrub,6,0.0017798872738059924,0.025736561345917112,0.0691579286713202,-0.02395667407211112,False,p90_1981_2020_minus_1981_2010_daily_mean_baseline.tif
daily_mean,p90,1981_2020,1981_2010,0.05,8,Woody Savanna,210,0.06229605458320973,0.02796060730406237,2.2279936163675096,0.034335447279147356,True,p90_1981_2020_minus_1981_2010_daily_mean_baseline.tif
daily_mean,p90,1981_2020,1981_2010,0.05,9,Savanna,175,0.051913378819341445,0.053992613869511694,0.9614903798657478,-0.0020792350501702486,True,p90_1981_2020_minus_1981_2010_daily_mean_baseline.tif
daily_mean,p90,1981_2020,1981_2010,0.05,10,Grass,122,0.03619104123405518,0.06569552728764874,0.5508904902398031,-0.029504486053593564,True,p90_1981_2020_minus_1981_2010_daily_mean_baseline.tif
daily_mean,p90,1981_2020,1981_2010,0.05,12,Cropland,2433,0.7217442895283299,0.1954616331555191,3.692511301970315,0.5262826563728108,True,p90_1981_2020_minus_1981_2010_daily_mean_baseline.tif
daily_mean,p90,1981_2020,1981_2010,0.05,13,Urban,20,0.0059329575793533075,0.007558473533032417,0.7849412389187844,-0.0016255159536791098,False,p90_1981_2020_minus_1981_2010_daily_mean_baseline.tif
daily_mean,p90,1981_2020,1981_2010,0.05,14,Crop/Nat Mosaic,12,0.0035597745476119848,0.008961838325810422,0.3972147698045059,-0.005402063778198437,False,p90_1981_2020_minus_1981_2010_daily_mean_baseline.tif
daily_mean,p90,1981_2020,1981_2010,0.05,17,Water,28,0.00830614061109463,0.45545342634386543,0.018237080084723148,-0.4471472857327708,False,p90_1981_2020_minus_1981_2010_daily_mean_baseline.tif
daily_mean,p90,1981_2020,1981_2010,0.1,1,ENF,26,0.00385642242657965,0.008247845711940911,0.4675672364962491,-0.004391423285361261,False,p90_1981_2020_minus_1981_2010_daily_mean_baseline.tif
daily_mean,p90,1981_2020,1981_2010,0.1,4,DBF,364,0.0539899139721151,0.024160853508411982,2.2346029271407013,0.029829060463703115,True,p90_1981_2020_minus_1981_2010_daily_mean_baseline.tif
daily_mean,p90,1981_2020,1981_2010,0.1,5,MF,424,0.06288935034114507,0.02656544932293804,2.36733621843328,0.036323901018207025,True,p90_1981_2020_minus_1981_2010_daily_mean_baseline.tif
daily_mean,p90,1981_2020,1981_2010,0.1,7,Open Shrub,17,0.0025215069712251556,0.025736561345917112,0.09797373228437029,-0.023215054374691957,False,p90_1981_2020_minus_1981_2010_daily_mean_baseline.tif
daily_mean,p90,1981_2020,1981_2010,0.1,8,Woody Savanna,368,0.05458320973005043,0.02796060730406237,1.9521467876743894,0.02662260242598806,True,p90_1981_2020_minus_1981_2010_daily_mean_baseline.tif
daily_mean,p90,1981_2020,1981_2010,0.1,9,Savanna,428,0.06348264609908039,0.053992613869511694,1.1757653788072573,0.009490032229568693,True,p90_1981_2020_minus_1981_2010_daily_mean_baseline.tif
daily_mean,p90,1981_2020,1981_2010,0.1,10,Grass,296,0.043903886087214475,0.06569552728764874,0.668293381602384,-0.021791641200434267,True,p90_1981_2020_minus_1981_2010_daily_mean_baseline.tif
daily_mean,p90,1981_2020,1981_2010,0.1,11,Wetland,5,0.0007416196974191634,0.00019696347968814116,3.7652650054385446,0.0005446562177310223,False,p90_1981_2020_minus_1981_2010_daily_mean_baseline.tif
daily_mean,p90,1981_2020,1981_2010,0.1,12,Cropland,4624,0.6858498961732423,0.1954616331555191,3.5088722277662834,0.4903882630177232,True,p90_1981_2020_minus_1981_2010_daily_mean_baseline.tif
daily_mean,p90,1981_2020,1981_2010,0.1,13,Urban,50,0.007416196974191634,0.007558473533032417,0.9811765486484806,-0.00014227655884078289,False,p90_1981_2020_minus_1981_2010_daily_mean_baseline.tif
daily_mean,p90,1981_2020,1981_2010,0.1,14,Crop/Nat Mosaic,32,0.004746366063482646,0.008961838325810422,0.5296196930726744,-0.0042154722623277754,False,p90_1981_2020_minus_1981_2010_daily_mean_baseline.tif
daily_mean,p90,1981_2020,1981_2010,0.1,16,Barren,1,0.0001483239394838327,0.09854739433729996,0.00150510260044179,-0.09839907039781613,False,p90_1981_2020_minus_1981_2010_daily_mean_baseline.tif
daily_mean,p90,1981_2020,1981_2010,0.1,17,Water,107,0.015870661524770097,0.45545342634386543,0.034845849447596014,-0.4395827648190953,True,p90_1981_2020_minus_1981_2010_daily_mean_baseline.tif
daily_mean,p90,1991_2020,1981_2010,0.05,1,ENF,14,0.004153070305547315,0.008247845711940911,0.5035339469959605,-0.004094775406393596,False,p90_1991_2020_minus_1981_2010_daily_mean_baseline.tif
daily_mean,p90,1991_2020,1981_2010,0.05,4,DBF,110,0.03263126668644319,0.024160853508411982,1.350584186733391,0.00847041317803121,True,p90_1991_2020_minus_1981_2010_daily_mean_baseline.tif
daily_mean,p90,1991_2020,1981_2010,0.05,5,MF,178,0.05280332245624444,0.02656544932293804,1.9876690890619044,0.0262378731333064,True,p90_1991_2020_minus_1981_2010_daily_mean_baseline.tif
daily_mean,p90,1991_2020,1981_2010,0.05,7,Open Shrub,18,0.005339661821417977,0.025736561345917112,0.2074737860139606,-0.020396899524499135,False,p90_1991_2020_minus_1981_2010_daily_mean_baseline.tif
daily_mean,p90,1991_2020,1981_2010,0.05,8,Woody Savanna,161,0.04776030851379413,0.02796060730406237,1.7081284392150908,0.019799701209731756,True,p90_1991_2020_minus_1981_2010_daily_mean_baseline.tif
daily_mean,p90,1991_2020,1981_2010,0.05,9,Savanna,202,0.05992287155146841,0.053992613869511694,1.1098346099021774,0.005930257681956715,True,p90_1991_2020_minus_1981_2010_daily_mean_baseline.tif
daily_mean,p90,1991_2020,1981_2010,0.05,10,Grass,207,0.061406110946306734,0.06569552728764874,0.9347076350790101,-0.0042894163413420075,True,p90_1991_2020_minus_1981_2010_daily_mean_baseline.tif
daily_mean,p90,1991_2020,1981_2010,0.05,11,Wetland,1,0.0002966478789676654,0.00019696347968814116,1.5061060021754178,9.968439927952424e-05,False,p90_1991_2020_minus_1981_2010_daily_mean_baseline.tif
daily_mean,p90,1991_2020,1981_2010,0.05,12,Cropland,2402,0.7125482052803322,0.1954616331555191,3.645463274694902,0.5170865721248131,True,p90_1991_2020_minus_1981_2010_daily_mean_baseline.tif
daily_mean,p90,1991_2020,1981_2010,0.05,13,Urban,24,0.0071195490952239695,0.007558473533032417,0.9419294867025414,-0.00043892443780844774,False,p90_1991_2020_minus_1981_2010_daily_mean_baseline.tif
daily_mean,p90,1991_2020,1981_2010,0.05,14,Crop/Nat Mosaic,9,0.0026698309107089885,0.008961838325810422,0.29791107735337935,-0.006292007415101433,False,p90_1991_2020_minus_1981_2010_daily_mean_baseline.tif
daily_mean,p90,1991_2020,1981_2010,0.05,16,Barren,3,0.0008899436369029962,0.09854739433729996,0.009030615602650739,-0.09765745070039697,False,p90_1991_2020_minus_1981_2010_daily_mean_baseline.tif
daily_mean,p90,1991_2020,1981_2010,0.05,17,Water,42,0.012459210916641946,0.45545342634386543,0.02735562012708473,-0.4429942154272235,True,p90_1991_2020_minus_1981_2010_daily_mean_baseline.tif
daily_mean,p90,1991_2020,1981_2010,0.1,1,ENF,29,0.004301394245031148,0.008247845711940911,0.5215173022458164,-0.003946451466909763,False,p90_1991_2020_minus_1981_2010_daily_mean_baseline.tif
daily_mean,p90,1991_2020,1981_2010,0.1,4,DBF,334,0.04954019578760012,0.024160853508411982,2.0504323562225117,0.025379342279188137,True,p90_1991_2020_minus_1981_2010_daily_mean_baseline.tif
daily_mean,p90,1991_2020,1981_2010,0.1,5,MF,382,0.05665974488282409,0.02656544932293804,2.132835932645077,0.03009429555988605,True,p90_1991_2020_minus_1981_2010_daily_mean_baseline.tif
daily_mean,p90,1991_2020,1981_2010,0.1,7,Open Shrub,38,0.005636309700385643,0.025736561345917112,0.21900010745918067,-0.020100251645531468,True,p90_1991_2020_minus_1981_2010_daily_mean_baseline.tif
daily_mean,p90,1991_2020,1981_2010,0.1,8,Woody Savanna,334,0.04954019578760012,0.02796060730406237,1.771785399682734,0.02157958848353775,True,p90_1991_2020_minus_1981_2010_daily_mean_baseline.tif
daily_mean,p90,1991_2020,1981_2010,0.1,9,Savanna,443,0.06570750519133788,0.053992613869511694,1.2169721093729322,0.011714891321826182,True,p90_1991_2020_minus_1981_2010_daily_mean_baseline.tif
daily_mean,p90,1991_2020,1981_2010,0.1,10,Grass,506,0.07505191337881933,0.06569552728764874,1.1424204428743456,0.009356386091170593,True,p90_1991_2020_minus_1981_2010_daily_mean_baseline.tif
daily_mean,p90,1991_2020,1981_2010,0.1,11,Wetland,13,0.001928211213289825,0.00019696347968814116,9.789689014140215,0.001731247733601684,False,p90_1991_2020_minus_1981_2010_daily_mean_baseline.tif
daily_mean,p90,1991_2020,1981_2010,0.1,12,Cropland,4435,0.6578166716107979,0.1954616331555191,3.365451628491234,0.4623550384552788,True,p90_1991_2020_minus_1981_2010_daily_mean_baseline.tif
daily_mean,p90,1991_2020,1981_2010,0.1,13,Urban,63,0.00934440818748146,0.007558473533032417,1.2362824512970856,0.0017859346544490421,False,p90_1991_2020_minus_1981_2010_daily_mean_baseline.tif
daily_mean,p90,1991_2020,1981_2010,0.1,14,Crop/Nat Mosaic,28,0.004153070305547315,0.008961838325810422,0.4634172314385901,-0.004808768020263107,False,p90_1991_2020_minus_1981_2010_daily_mean_baseline.tif
daily_mean,p90,1991_2020,1981_2010,0.1,16,Barren,23,0.003411450608128152,0.09854739433729996,0.03461735981016117,-0.0951359437291718,False,p90_1991_2020_minus_1981_2010_daily_mean_baseline.tif
daily_mean,p90,1991_2020,1981_2010,0.1,17,Water,114,0.016908929101156926,0.45545342634386543,0.03712548445818641,-0.4385444972427085,True,p90_1991_2020_minus_1981_2010_daily_mean_baseline.tif
daily_mean,p95,1981_2020,1981_2010,0.05,1,ENF,6,0.0017798872738059924,0.008247845711940911,0.21580026299826882,-0.006467958438134918,False,p95_1981_2020_minus_1981_2010_daily_mean_baseline.tif
daily_mean,p95,1981_2020,1981_2010,0.05,4,DBF,473,0.14031444675170573,0.024160853508411982,5.807512002953581,0.11615359324329375,True,p95_1981_2020_minus_1981_2010_daily_mean_baseline.tif
daily_mean,p95,1981_2020,1981_2010,0.05,5,MF,190,0.05636309700385642,0.02656544932293804,2.1216692523694487,0.029797647680918384,True,p95_1981_2020_minus_1981_2010_daily_mean_baseline.tif
daily_mean,p95,1981_2020,1981_2010,0.05,7,Open Shrub,66,0.019578760011865915,0.025736561345917112,0.7607372153845222,-0.006157801334051197,True,p95_1981_2020_minus_1981_2010_daily_mean_baseline.tif
daily_mean,p95,1981_2020,1981_2010,0.05,8,Woody Savanna,111,0.03292791456541086,0.02796060730406237,1.1776537686513981,0.004967307261348489,True,p95_1981_2020_minus_1981_2010_daily_mean_baseline.tif
daily_mean,p95,1981_2020,1981_2010,0.05,9,Savanna,358,0.10619994067042421,0.053992613869511694,1.9669346056682155,0.052207326800912515,True,p95_1981_2020_minus_1981_2010_daily_mean_baseline.tif
daily_mean,p95,1981_2020,1981_2010,0.05,10,Grass,224,0.06644912488875704,0.06569552728764874,1.0114710640468514,0.0007535976011082968,True,p95_1981_2020_minus_1981_2010_daily_mean_baseline.tif
daily_mean,p95,1981_2020,1981_2010,0.05,11,Wetland,2,0.0005932957579353308,0.00019696347968814116,3.0122120043508356,0.0003963322782471896,False,p95_1981_2020_minus_1981_2010_daily_mean_baseline.tif
daily_mean,p95,1981_2020,1981_2010,0.05,12,Cropland,1841,0.546128745179472,0.1954616331555191,2.7940457488398476,0.35066711202395284,True,p95_1981_2020_minus_1981_2010_daily_mean_baseline.tif
daily_mean,p95,1981_2020,1981_2010,0.05,13,Urban,27,0.008009492732126965,0.007558473533032417,1.059670672540359,0.0004510191990945477,False,p95_1981_2020_minus_1981_2010_daily_mean_baseline.tif
daily_mean,p95,1981_2020,1981_2010,0.05,14,Crop/Nat Mosaic,29,0.008602788490062296,0.008961838325810422,0.9599356936942225,-0.0003590498357481254,False,p95_1981_2020_minus_1981_2010_daily_mean_baseline.tif
daily_mean,p95,1981_2020,1981_2010,0.05,16,Barren,1,0.0002966478789676654,0.09854739433729996,0.00301020520088358,-0.0982507464583323,False,p95_1981_2020_minus_1981_2010_daily_mean_baseline.tif
daily_mean,p95,1981_2020,1981_2010,0.05,17,Water,43,0.012755858795609611,0.45545342634386543,0.02800694441582484,-0.44269756754825584,True,p95_1981_2020_minus_1981_2010_daily_mean_baseline.tif
daily_mean,p95,1981_2020,1981_2010,0.1,1,ENF,48,0.0071195490952239695,0.008247845711940911,0.8632010519930753,-0.0011282966167169414,False,p95_1981_2020_minus_1981_2010_daily_mean_baseline.tif
daily_mean,p95,1981_2020,1981_2010,0.1,4,DBF,815,0.12088401067932364,0.024160853508411982,5.003300509944153,0.09672315717091165,True,p95_1981_2020_minus_1981_2010_daily_mean_baseline.tif
daily_mean,p95,1981_2020,1981_2010,0.1,5,MF,494,0.07327202610501335,0.02656544932293804,2.758170028080283,0.04670657678207531,True,p95_1981_2020_minus_1981_2010_daily_mean_baseline.tif
daily_mean,p95,1981_2020,1981_2010,0.1,7,Open Shrub,112,0.01661228122218926,0.025736561345917112,0.6454740009323218,-0.009124280123727853,True,p95_1981_2020_minus_1981_2010_daily_mean_baseline.tif
daily_mean,p95,1981_2020,1981_2010,0.1,8,Woody Savanna,274,0.040640759418570156,0.02796060730406237,1.4535005973445183,0.012680152114507785,True,p95_1981_2020_minus_1981_2010_daily_mean_baseline.tif
daily_mean,p95,1981_2020,1981_2010,0.1,9,Savanna,722,0.1070898843073272,0.053992613869511694,1.9834172978944855,0.05309727043781551,True,p95_1981_2020_minus_1981_2010_daily_mean_baseline.tif
daily_mean,p95,1981_2020,1981_2010,0.1,10,Grass,539,0.07994660338178582,0.06569552728764874,1.2169261239313682,0.014251076094137075,True,p95_1981_2020_minus_1981_2010_daily_mean_baseline.tif
daily_mean,p95,1981_2020,1981_2010,0.1,11,Wetland,5,0.0007416196974191634,0.00019696347968814116,3.7652650054385446,0.0005446562177310223,False,p95_1981_2020_minus_1981_2010_daily_mean_baseline.tif
daily_mean,p95,1981_2020,1981_2010,0.1,12,Cropland,3510,0.5206170275882528,0.1954616331555191,2.663525415108057,0.32515539443273367,True,p95_1981_2020_minus_1981_2010_daily_mean_baseline.tif
daily_mean,p95,1981_2020,1981_2010,0.1,13,Urban,62,0.009196084247997626,0.007558473533032417,1.2166589203241158,0.0016376107149652088,False,p95_1981_2020_minus_1981_2010_daily_mean_baseline.tif
daily_mean,p95,1981_2020,1981_2010,0.1,14,Crop/Nat Mosaic,70,0.010382675763868289,0.008961838325810422,1.1585430785964754,0.0014208374380578672,False,p95_1981_2020_minus_1981_2010_daily_mean_baseline.tif
daily_mean,p95,1981_2020,1981_2010,0.1,16,Barren,22,0.003263126668644319,0.09854739433729996,0.03311225720971937,-0.09528426766865564,False,p95_1981_2020_minus_1981_2010_daily_mean_baseline.tif
daily_mean,p95,1981_2020,1981_2010,0.1,17,Water,69,0.010234351824384456,0.45545342634386543,0.022470687961533883,-0.44521907451948095,True,p95_1981_2020_minus_1981_2010_daily_mean_baseline.tif
daily_mean,p95,1991_2020,1981_2010,0.05,1,ENF,8,0.002373183031741323,0.008247845711940911,0.2877336839976918,-0.005874662680199588,False,p95_1991_2020_minus_1981_2010_daily_mean_baseline.tif
daily_mean,p95,1991_2020,1981_2010,0.05,4,DBF,366,0.10857312370216553,0.024160853508411982,4.493761930403828,0.08441227019375355,True,p95_1991_2020_minus_1981_2010_daily_mean_baseline.tif
daily_mean,p95,1991_2020,1981_2010,0.05,5,MF,99,0.029368140017798874,0.02656544932293804,1.105501347287239,0.0028026906948608356,True,p95_1991_2020_minus_1981_2010_daily_mean_baseline.tif
daily_mean,p95,1991_2020,1981_2010,0.05,7,Open Shrub,74,0.021951943043607237,0.025736561345917112,0.8529477869462825,-0.003784618302309875,True,p95_1991_2020_minus_1981_2010_daily_mean_baseline.tif
daily_mean,p95,1991_2020,1981_2010,0.05,8,Woody Savanna,75,0.022248590922574904,0.02796060730406237,0.7957120058455392,-0.005712016381487467,True,p95_1991_2020_minus_1981_2010_daily_mean_baseline.tif
daily_mean,p95,1991_2020,1981_2010,0.05,9,Savanna,229,0.06793236428359538,0.053992613869511694,1.2581788399386071,0.013939750414083685,True,p95_1991_2020_minus_1981_2010_daily_mean_baseline.tif
daily_mean,p95,1991_2020,1981_2010,0.05,10,Grass,322,0.09552061702758825,0.06569552728764874,1.4539896545673492,0.02982508973993951,True,p95_1991_2020_minus_1981_2010_daily_mean_baseline.tif
daily_mean,p95,1991_2020,1981_2010,0.05,11,Wetland,7,0.0020765351527736575,0.00019696347968814116,10.542742015227924,0.0018795716730855164,False,p95_1991_2020_minus_1981_2010_daily_mean_baseline.tif
daily_mean,p95,1991_2020,1981_2010,0.05,12,Cropland,1875,0.5562147730643726,0.1954616331555191,2.8456468110128816,0.3607531399088535,True,p95_1991_2020_minus_1981_2010_daily_mean_baseline.tif
daily_mean,p95,1991_2020,1981_2010,0.05,13,Urban,32,0.009492732126965293,0.007558473533032417,1.2559059822700551,0.0019342585939328754,False,p95_1991_2020_minus_1981_2010_daily_mean_baseline.tif
daily_mean,p95,1991_2020,1981_2010,0.05,14,Crop/Nat Mosaic,25,0.007416196974191634,0.008961838325810422,0.8275307704260538,-0.0015456413516187874,False,p95_1991_2020_minus_1981_2010_daily_mean_baseline.tif
daily_mean,p95,1991_2020,1981_2010,0.05,16,Barren,207,0.061406110946306734,0.09854739433729996,0.623112476582901,-0.03714128339099323,True,p95_1991_2020_minus_1981_2010_daily_mean_baseline.tif
daily_mean,p95,1991_2020,1981_2010,0.05,17,Water,52,0.0154256897063186,0.45545342634386543,0.03386886301448585,-0.44002773663754685,True,p95_1991_2020_minus_1981_2010_daily_mean_baseline.tif
daily_mean,p95,1991_2020,1981_2010,0.1,1,ENF,19,0.0028181548501928213,0.008247845711940911,0.34168374974725896,-0.00542969086174809,False,p95_1991_2020_minus_1981_2010_daily_mean_baseline.tif
daily_mean,p95,1991_2020,1981_2010,0.1,4,DBF,681,0.10100860278849007,0.024160853508411982,4.180671959842906,0.07684774928007809,True,p95_1991_2020_minus_1981_2010_daily_mean_baseline.tif
daily_mean,p95,1991_2020,1981_2010,0.1,5,MF,305,0.04523880154256897,0.02656544932293804,1.7029187420333731,0.018673352219630932,True,p95_1991_2020_minus_1981_2010_daily_mean_baseline.tif
daily_mean,p95,1991_2020,1981_2010,0.1,7,Open Shrub,122,0.01809552061702759,0.025736561345917112,0.703105608158422,-0.007641040728889523,True,p95_1991_2020_minus_1981_2010_daily_mean_baseline.tif
daily_mean,p95,1991_2020,1981_2010,0.1,8,Woody Savanna,183,0.027143280925541382,0.02796060730406237,0.9707686471315579,-0.000817326378520989,True,p95_1991_2020_minus_1981_2010_daily_mean_baseline.tif
daily_mean,p95,1991_2020,1981_2010,0.1,9,Savanna,496,0.07356867398398101,0.053992613869511694,1.3625692240383167,0.019576060114469315,True,p95_1991_2020_minus_1981_2010_daily_mean_baseline.tif
daily_mean,p95,1991_2020,1981_2010,0.1,10,Grass,638,0.09463067339068526,0.06569552728764874,1.440443167102436,0.02893514610303652,True,p95_1991_2020_minus_1981_2010_daily_mean_baseline.tif
daily_mean,p95,1991_2020,1981_2010,0.1,11,Wetland,10,0.0014832393948383269,0.00019696347968814116,7.530530010877089,0.0012862759151501858,False,p95_1991_2020_minus_1981_2010_daily_mean_baseline.tif
daily_mean,p95,1991_2020,1981_2010,0.1,12,Cropland,3536,0.5244734500148324,0.1954616331555191,2.683255232997746,0.32901181685931324,True,p95_1991_2020_minus_1981_2010_daily_mean_baseline.tif
daily_mean,p95,1991_2020,1981_2010,0.1,13,Urban,92,0.013645802432512608,0.007558473533032417,1.8053648495132042,0.00608732889948019,False,p95_1991_2020_minus_1981_2010_daily_mean_baseline.tif
daily_mean,p95,1991_2020,1981_2010,0.1,14,Crop/Nat Mosaic,49,0.007267873034707802,0.008961838325810422,0.8109801550175327,-0.0016939652911026198,False,p95_1991_2020_minus_1981_2010_daily_mean_baseline.tif
daily_mean,p95,1991_2020,1981_2010,0.1,16,Barren,513,0.07609018095520617,0.09854739433729996,0.7721176340266382,-0.02245721338209379,True,p95_1991_2020_minus_1981_2010_daily_mean_baseline.tif
daily_mean,p95,1991_2020,1981_2010,0.1,17,Water,98,0.014535746069415604,0.45545342634386543,0.03191489014826551,-0.44091768027444983,True,p95_1991_2020_minus_1981_2010_daily_mean_baseline.tif
daily_mean,p97,1981_2020,1981_2010,0.05,1,ENF,15,0.004448398576512456,0.008247845711940911,0.5393406632318833,-0.003799447135428455,False,p97_1981_2020_minus_1981_2010_daily_mean_baseline.tif
daily_mean,p97,1981_2020,1981_2010,0.05,4,DBF,525,0.15569395017793594,0.024160853508411982,6.444058365890453,0.13153309666952395,True,p97_1981_2020_minus_1981_2010_daily_mean_baseline.tif
daily_mean,p97,1981_2020,1981_2010,0.05,5,MF,145,0.043001186239620404,0.02656544932293804,1.6186884594679476,0.016435736916682365,True,p97_1981_2020_minus_1981_2010_daily_mean_baseline.tif
daily_mean,p97,1981_2020,1981_2010,0.05,6,Closed Shrub,1,0.0002965599051008304,8.206811653672548e-06,36.13582443653618,0.0002883530934471578,False,p97_1981_2020_minus_1981_2010_daily_mean_baseline.tif
daily_mean,p97,1981_2020,1981_2010,0.05,7,Open Shrub,99,0.029359430604982206,0.025736561345917112,1.1407674168421815,0.003622869259065093,True,p97_1981_2020_minus_1981_2010_daily_mean_baseline.tif
daily_mean,p97,1981_2020,1981_2010,0.05,8,Woody Savanna,124,0.036773428232502965,0.02796060730406237,1.3151870355534154,0.008812820928440594,True,p97_1981_2020_minus_1981_2010_daily_mean_baseline.tif
daily_mean,p97,1981_2020,1981_2010,0.05,9,Savanna,452,0.13404507710557534,0.053992613869511694,2.4826558208412153,0.08005246323606365,True,p97_1981_2020_minus_1981_2010_daily_mean_baseline.tif
daily_mean,p97,1981_2020,1981_2010,0.05,10,Grass,298,0.08837485172004746,0.06569552728764874,1.345218698574364,0.022679324432398715,True,p97_1981_2020_minus_1981_2010_daily_mean_baseline.tif
daily_mean,p97,1981_2020,1981_2010,0.05,11,Wetland,4,0.0011862396204033216,0.00019696347968814116,6.0226374060893635,0.0009892761407151805,False,p97_1981_2020_minus_1981_2010_daily_mean_baseline.tif
daily_mean,p97,1981_2020,1981_2010,0.05,12,Cropland,1585,0.47004744958481615,0.1954616331555191,2.404806723429057,0.274585816429297,True,p97_1981_2020_minus_1981_2010_daily_mean_baseline.tif
daily_mean,p97,1981_2020,1981_2010,0.05,13,Urban,26,0.00771055753262159,0.007558473533032417,1.0201209938652993,0.00015208399958917262,False,p97_1981_2020_minus_1981_2010_daily_mean_baseline.tif
daily_mean,p97,1981_2020,1981_2010,0.05,14,Crop/Nat Mosaic,49,0.014531435349940688,0.008961838325810422,1.6214793016394442,0.005569597024130266,False,p97_1981_2020_minus_1981_2010_daily_mean_baseline.tif
daily_mean,p97,1981_2020,1981_2010,0.05,16,Barren,4,0.0011862396204033216,0.09854739433729996,0.012037249978859488,-0.09736115471689664,False,p97_1981_2020_minus_1981_2010_daily_mean_baseline.tif
daily_mean,p97,1981_2020,1981_2010,0.05,17,Water,45,0.013345195729537367,0.45545342634386543,0.029300900943188424,-0.4421082306143281,True,p97_1981_2020_minus_1981_2010_daily_mean_baseline.tif
daily_mean,p97,1981_2020,1981_2010,0.1,1,ENF,68,0.010086027884900622,0.008247845711940911,1.2228681569901898,0.0018381821729597115,False,p97_1981_2020_minus_1981_2010_daily_mean_baseline.tif
daily_mean,p97,1981_2020,1981_2010,0.1,4,DBF,830,0.12310886977158113,0.024160853508411982,5.0953857954032475,0.09894801626316915,True,p97_1981_2020_minus_1981_2010_daily_mean_baseline.tif
daily_mean,p97,1981_2020,1981_2010,0.1,5,MF,579,0.08587956096113913,0.02656544932293804,3.232753939794502,0.05931411163820109,True,p97_1981_2020_minus_1981_2010_daily_mean_baseline.tif
daily_mean,p97,1981_2020,1981_2010,0.1,6,Closed Shrub,1,0.0001483239394838327,8.206811653672548e-06,18.073272026105016,0.00014011712783016015,False,p97_1981_2020_minus_1981_2010_daily_mean_baseline.tif
daily_mean,p97,1981_2020,1981_2010,0.1,7,Open Shrub,172,0.025511717591219223,0.025736561345917112,0.9912636442889229,-0.00022484375469788986,True,p97_1981_2020_minus_1981_2010_daily_mean_baseline.tif
daily_mean,p97,1981_2020,1981_2010,0.1,8,Woody Savanna,293,0.04345891426876298,0.02796060730406237,1.5542907847516199,0.015498306964700607,True,p97_1981_2020_minus_1981_2010_daily_mean_baseline.tif
daily_mean,p97,1981_2020,1981_2010,0.1,9,Savanna,811,0.1202907149213883,0.053992613869511694,2.22791056591749,0.06629810105187661,True,p97_1981_2020_minus_1981_2010_daily_mean_baseline.tif
daily_mean,p97,1981_2020,1981_2010,0.1,10,Grass,620,0.09196084247997627,0.06569552728764874,1.3998037047076963,0.026265315192327526,True,p97_1981_2020_minus_1981_2010_daily_mean_baseline.tif
daily_mean,p97,1981_2020,1981_2010,0.1,11,Wetland,10,0.0014832393948383269,0.00019696347968814116,7.530530010877089,0.0012862759151501858,False,p97_1981_2020_minus_1981_2010_daily_mean_baseline.tif
daily_mean,p97,1981_2020,1981_2010,0.1,12,Cropland,3106,0.4606941560367843,0.1954616331555191,2.356954398668269,0.2652325228812652,True,p97_1981_2020_minus_1981_2010_daily_mean_baseline.tif
daily_mean,p97,1981_2020,1981_2010,0.1,13,Urban,61,0.009047760308513795,0.007558473533032417,1.1970353893511463,0.0014892867754813773,False,p97_1981_2020_minus_1981_2010_daily_mean_baseline.tif
daily_mean,p97,1981_2020,1981_2010,0.1,14,Crop/Nat Mosaic,78,0.01156926727973895,0.008961838325810422,1.290948001864644,0.0026074289539285284,False,p97_1981_2020_minus_1981_2010_daily_mean_baseline.tif
daily_mean,p97,1981_2020,1981_2010,0.1,16,Barren,46,0.006822901216256304,0.09854739433729996,0.06923471962032234,-0.09172449312104367,True,p97_1981_2020_minus_1981_2010_daily_mean_baseline.tif
daily_mean,p97,1981_2020,1981_2010,0.1,17,Water,67,0.00993770394541679,0.45545342634386543,0.02181936367279377,-0.44551572239844867,True,p97_1981_2020_minus_1981_2010_daily_mean_baseline.tif
daily_mean,p97,1991_2020,1981_2010,0.05,1,ENF,9,0.0026698309107089885,0.008247845711940911,0.32370039449740323,-0.005578014801231922,False,p97_1991_2020_minus_1981_2010_daily_mean_baseline.tif
daily_mean,p97,1991_2020,1981_2010,0.05,4,DBF,382,0.11331948976564818,0.024160853508411982,4.69021053938323,0.08915863625723619,True,p97_1991_2020_minus_1981_2010_daily_mean_baseline.tif
daily_mean,p97,1991_2020,1981_2010,0.05,5,MF,120,0.035597745476119845,0.02656544932293804,1.3400016330754412,0.009032296153181806,True,p97_1991_2020_minus_1981_2010_daily_mean_baseline.tif
daily_mean,p97,1991_2020,1981_2010,0.05,7,Open Shrub,116,0.034411153960249186,0.025736561345917112,1.337053287645524,0.008674592614332073,True,p97_1991_2020_minus_1981_2010_daily_mean_baseline.tif
daily_mean,p97,1991_2020,1981_2010,0.05,8,Woody Savanna,93,0.027588252743992882,0.02796060730406237,0.9866828872484686,-0.00037235456006948914,True,p97_1991_2020_minus_1981_2010_daily_mean_baseline.tif
daily_mean,p97,1991_2020,1981_2010,0.05,9,Savanna,246,0.07297537822604569,0.053992613869511694,1.351580762554137,0.018982764356533996,True,p97_1991_2020_minus_1981_2010_daily_mean_baseline.tif
daily_mean,p97,1991_2020,1981_2010,0.05,10,Grass,323,0.09581726490655591,0.06569552728764874,1.4585051503889868,0.03012173761890717,True,p97_1991_2020_minus_1981_2010_daily_mean_baseline.tif
daily_mean,p97,1991_2020,1981_2010,0.05,11,Wetland,7,0.0020765351527736575,0.00019696347968814116,10.542742015227924,0.0018795716730855164,False,p97_1991_2020_minus_1981_2010_daily_mean_baseline.tif
daily_mean,p97,1991_2020,1981_2010,0.05,12,Cropland,1578,0.468110353010976,0.1954616331555191,2.394896356148441,0.2726487198554569,True,p97_1991_2020_minus_1981_2010_daily_mean_baseline.tif
daily_mean,p97,1991_2020,1981_2010,0.05,13,Urban,35,0.010382675763868289,0.007558473533032417,1.373647168107873,0.0028242022308358717,False,p97_1991_2020_minus_1981_2010_daily_mean_baseline.tif
daily_mean,p97,1991_2020,1981_2010,0.05,14,Crop/Nat Mosaic,22,0.006526253337288638,0.008961838325810422,0.7282270779749274,-0.0024355849885217837,False,p97_1991_2020_minus_1981_2010_daily_mean_baseline.tif
daily_mean,p97,1991_2020,1981_2010,0.05,16,Barren,379,0.11242954612874519,0.09854739433729996,1.1408677711348767,0.013882151791445224,True,p97_1991_2020_minus_1981_2010_daily_mean_baseline.tif
daily_mean,p97,1991_2020,1981_2010,0.05,17,Water,61,0.01809552061702759,0.45545342634386543,0.039730781613146866,-0.43735790572683786,True,p97_1991_2020_minus_1981_2010_daily_mean_baseline.tif
daily_mean,p97,1991_2020,1981_2010,0.1,1,ENF,48,0.0071195490952239695,0.008247845711940911,0.8632010519930753,-0.0011282966167169414,False,p97_1991_2020_minus_1981_2010_daily_mean_baseline.tif
daily_mean,p97,1991_2020,1981_2010,0.1,4,DBF,657,0.09744882824087808,0.024160853508411982,4.033335503108354,0.0732879747324661,True,p97_1991_2020_minus_1981_2010_daily_mean_baseline.tif
daily_mean,p97,1991_2020,1981_2010,0.1,5,MF,323,0.047908632453277956,0.02656544932293804,1.8034188645140312,0.021343183130339918,True,p97_1991_2020_minus_1981_2010_daily_mean_baseline.tif
daily_mean,p97,1991_2020,1981_2010,0.1,7,Open Shrub,191,0.028329872441412045,0.025736561345917112,1.1007636980185131,0.0025933110954949323,True,p97_1991_2020_minus_1981_2010_daily_mean_baseline.tif
daily_mean,p97,1991_2020,1981_2010,0.1,8,Woody Savanna,183,0.027143280925541382,0.02796060730406237,0.9707686471315579,-0.000817326378520989,True,p97_1991_2020_minus_1981_2010_daily_mean_baseline.tif
daily_mean,p97,1991_2020,1981_2010,0.1,9,Savanna,552,0.08187481459507565,0.053992613869511694,1.5164076848168366,0.027882200725563952,True,p97_1991_2020_minus_1981_2010_daily_mean_baseline.tif
daily_mean,p97,1991_2020,1981_2010,0.1,10,Grass,664,0.0984870958172649,0.06569552728764874,1.4991446127837265,0.032791568529616164,True,p97_1991_2020_minus_1981_2010_daily_mean_baseline.tif
daily_mean,p97,1991_2020,1981_2010,0.1,11,Wetland,10,0.0014832393948383269,0.00019696347968814116,7.530530010877089,0.0012862759151501858,False,p97_1991_2020_minus_1981_2010_daily_mean_baseline.tif
daily_mean,p97,1991_2020,1981_2010,0.1,12,Cropland,3243,0.4810145357460694,0.1954616331555191,2.4609153621639397,0.28555290259055033,True,p97_1991_2020_minus_1981_2010_daily_mean_baseline.tif
daily_mean,p97,1991_2020,1981_2010,0.1,13,Urban,87,0.012904182735093445,0.007558473533032417,1.7072471946483563,0.005345709202061027,False,p97_1991_2020_minus_1981_2010_daily_mean_baseline.tif
daily_mean,p97,1991_2020,1981_2010,0.1,14,Crop/Nat Mosaic,46,0.006822901216256304,0.008961838325810422,0.7613283087919696,-0.002138937109554118,False,p97_1991_2020_minus_1981_2010_daily_mean_baseline.tif
daily_mean,p97,1991_2020,1981_2010,0.1,16,Barren,608,0.09018095520617028,0.09854739433729996,0.9151023810686083,-0.00836643913112968,True,p97_1991_2020_minus_1981_2010_daily_mean_baseline.tif
daily_mean,p97,1991_2020,1981_2010,0.1,17,Water,130,0.01928211213289825,0.45545342634386543,0.04233607876810731,-0.43617131421096716,True,p97_1991_2020_minus_1981_2010_daily_mean_baseline.tif
daily_mean,p99,1981_2020,1981_2010,0.05,1,ENF,25,0.007416196974191634,0.008247845711940911,0.8991677624927867,-0.0008316487377492765,False,p99_1981_2020_minus_1981_2010_daily_mean_baseline.tif
daily_mean,p99,1981_2020,1981_2010,0.05,4,DBF,270,0.08009492732126965,0.024160853508411982,3.315070276527414,0.055934073812857664,True,p99_1981_2020_minus_1981_2010_daily_mean_baseline.tif
daily_mean,p99,1981_2020,1981_2010,0.05,5,MF,225,0.06674577276772471,0.02656544932293804,2.512503062016452,0.04018032344478667,True,p99_1981_2020_minus_1981_2010_daily_mean_baseline.tif
daily_mean,p99,1981_2020,1981_2010,0.05,7,Open Shrub,145,0.04301394245031148,0.025736561345917112,1.671316609556905,0.01727738110439437,True,p99_1981_2020_minus_1981_2010_daily_mean_baseline.tif
daily_mean,p99,1981_2020,1981_2010,0.05,8,Woody Savanna,140,0.041530703055473156,0.02796060730406237,1.4853290775783399,0.013570095751410785,True,p99_1981_2020_minus_1981_2010_daily_mean_baseline.tif
daily_mean,p99,1981_2020,1981_2010,0.05,9,Savanna,400,0.11865915158706615,0.053992613869511694,2.197692296835995,0.06466653771755446,True,p99_1981_2020_minus_1981_2010_daily_mean_baseline.tif
daily_mean,p99,1981_2020,1981_2010,0.05,10,Grass,519,0.15396024918421833,0.06569552728764874,2.343542331429982,0.08826472189656959,True,p99_1981_2020_minus_1981_2010_daily_mean_baseline.tif
daily_mean,p99,1981_2020,1981_2010,0.05,11,Wetland,7,0.0020765351527736575,0.00019696347968814116,10.542742015227924,0.0018795716730855164,False,p99_1981_2020_minus_1981_2010_daily_mean_baseline.tif
daily_mean,p99,1981_2020,1981_2010,0.05,12,Cropland,1541,0.45713438148917235,0.1954616331555191,2.3387422590777867,0.2616727483336533,True,p99_1981_2020_minus_1981_2010_daily_mean_baseline.tif
daily_mean,p99,1981_2020,1981_2010,0.05,13,Urban,19,0.005636309700385643,0.007558473533032417,0.7456941769728453,-0.0019221638326467746,False,p99_1981_2020_minus_1981_2010_daily_mean_baseline.tif
daily_mean,p99,1981_2020,1981_2010,0.05,14,Crop/Nat Mosaic,22,0.006526253337288638,0.008961838325810422,0.7282270779749274,-0.0024355849885217837,False,p99_1981_2020_minus_1981_2010_daily_mean_baseline.tif
daily_mean,p99,1981_2020,1981_2010,0.05,15,Snow/Ice,2,0.0005932957579353308,3.282724661469019e-05,18.073272026105016,0.0005604685113206406,False,p99_1981_2020_minus_1981_2010_daily_mean_baseline.tif
daily_mean,p99,1981_2020,1981_2010,0.05,16,Barren,16,0.004746366063482646,0.09854739433729996,0.04816328321413728,-0.09380102827381731,False,p99_1981_2020_minus_1981_2010_daily_mean_baseline.tif
daily_mean,p99,1981_2020,1981_2010,0.05,17,Water,40,0.011865915158706615,0.45545342634386543,0.026052971549604502,-0.4435875111851588,True,p99_1981_2020_minus_1981_2010_daily_mean_baseline.tif
daily_mean,p99,1981_2020,1981_2010,0.1,1,ENF,66,0.009789380005932958,0.008247845711940911,1.1869014464904786,0.0015415342939920466,False,p99_1981_2020_minus_1981_2010_daily_mean_baseline.tif
daily_mean,p99,1981_2020,1981_2010,0.1,4,DBF,492,0.07297537822604569,0.024160853508411982,3.020397363058311,0.04881452471763371,True,p99_1981_2020_minus_1981_2010_daily_mean_baseline.tif
daily_mean,p99,1981_2020,1981_2010,0.1,5,MF,516,0.07653515277365767,0.02656544932293804,2.881003511112199,0.04996970345071963,True,p99_1981_2020_minus_1981_2010_daily_mean_baseline.tif
daily_mean,p99,1981_2020,1981_2010,0.1,7,Open Shrub,244,0.03619104123405518,0.025736561345917112,1.406211216316844,0.010454479888138066,True,p99_1981_2020_minus_1981_2010_daily_mean_baseline.tif
daily_mean,p99,1981_2020,1981_2010,0.1,8,Woody Savanna,242,0.03589439335508751,0.02796060730406237,1.2837487027641366,0.00793378605102514,True,p99_1981_2020_minus_1981_2010_daily_mean_baseline.tif
daily_mean,p99,1981_2020,1981_2010,0.1,9,Savanna,741,0.10990803915752002,0.053992613869511694,2.03561248994434,0.05591542528800833,True,p99_1981_2020_minus_1981_2010_daily_mean_baseline.tif
daily_mean,p99,1981_2020,1981_2010,0.1,10,Grass,961,0.1425393058439632,0.06569552728764874,2.169695742296929,0.07684377855631447,True,p99_1981_2020_minus_1981_2010_daily_mean_baseline.tif
daily_mean,p99,1981_2020,1981_2010,0.1,11,Wetland,7,0.0010382675763868287,0.00019696347968814116,5.271371007613962,0.0008413040966986875,False,p99_1981_2020_minus_1981_2010_daily_mean_baseline.tif
daily_mean,p99,1981_2020,1981_2010,0.1,12,Cropland,3244,0.4811628596855532,0.1954616331555191,2.461674201313543,0.28570122653003416,True,p99_1981_2020_minus_1981_2010_daily_mean_baseline.tif
daily_mean,p99,1981_2020,1981_2010,0.1,13,Urban,76,0.011272619400771285,0.007558473533032417,1.4913883539456907,0.003714145867738868,False,p99_1981_2020_minus_1981_2010_daily_mean_baseline.tif
daily_mean,p99,1981_2020,1981_2010,0.1,14,Crop/Nat Mosaic,38,0.005636309700385643,0.008961838325810422,0.6289233855238009,-0.003325528625424779,False,p99_1981_2020_minus_1981_2010_daily_mean_baseline.tif
daily_mean,p99,1981_2020,1981_2010,0.1,15,Snow/Ice,2,0.0002966478789676654,3.282724661469019e-05,9.036636013052508,0.0002638206323529752,False,p99_1981_2020_minus_1981_2010_daily_mean_baseline.tif
daily_mean,p99,1981_2020,1981_2010,0.1,16,Barren,50,0.007416196974191634,0.09854739433729996,0.07525513002208949,-0.09113119736310833,True,p99_1981_2020_minus_1981_2010_daily_mean_baseline.tif
daily_mean,p99,1981_2020,1981_2010,0.1,17,Water,63,0.00934440818748146,0.45545342634386543,0.020516715095313543,-0.446109018156384,True,p99_1981_2020_minus_1981_2010_daily_mean_baseline.tif
daily_mean,p99,1991_2020,1981_2010,0.05,1,ENF,17,0.005043013942450311,0.008247845711940911,0.6114340784950949,-0.0032048317694905997,False,p99_1991_2020_minus_1981_2010_daily_mean_baseline.tif
daily_mean,p99,1991_2020,1981_2010,0.05,4,DBF,178,0.05280332245624444,0.024160853508411982,2.1854907748958508,0.028642468947832456,True,p99_1991_2020_minus_1981_2010_daily_mean_baseline.tif
daily_mean,p99,1991_2020,1981_2010,0.05,5,MF,164,0.04865025215069712,0.02656544932293804,1.831335565203103,0.02208480282775908,True,p99_1991_2020_minus_1981_2010_daily_mean_baseline.tif
daily_mean,p99,1991_2020,1981_2010,0.05,7,Open Shrub,106,0.031444675170572534,0.025736561345917112,1.2217900731933238,0.005708113824655421,True,p99_1991_2020_minus_1981_2010_daily_mean_baseline.tif
daily_mean,p99,1991_2020,1981_2010,0.05,8,Woody Savanna,108,0.03203797092850786,0.02796060730406237,1.1458252884175764,0.004077363624445489,True,p99_1991_2020_minus_1981_2010_daily_mean_baseline.tif
daily_mean,p99,1991_2020,1981_2010,0.05,9,Savanna,297,0.08810442005339662,0.053992613869511694,1.6317865304007264,0.03411180618388493,True,p99_1991_2020_minus_1981_2010_daily_mean_baseline.tif
daily_mean,p99,1991_2020,1981_2010,0.05,10,Grass,558,0.16552951646395728,0.06569552728764874,2.5196466684738534,0.09983398917630854,True,p99_1991_2020_minus_1981_2010_daily_mean_baseline.tif
daily_mean,p99,1991_2020,1981_2010,0.05,11,Wetland,7,0.0020765351527736575,0.00019696347968814116,10.542742015227924,0.0018795716730855164,False,p99_1991_2020_minus_1981_2010_daily_mean_baseline.tif
daily_mean,p99,1991_2020,1981_2010,0.05,12,Cropland,1615,0.4790863245327796,0.1954616331555191,2.451050453219095,0.28362469137726054,True,p99_1991_2020_minus_1981_2010_daily_mean_baseline.tif
daily_mean,p99,1991_2020,1981_2010,0.05,13,Urban,31,0.009196084247997626,0.007558473533032417,1.2166589203241158,0.0016376107149652088,False,p99_1991_2020_minus_1981_2010_daily_mean_baseline.tif
daily_mean,p99,1991_2020,1981_2010,0.05,14,Crop/Nat Mosaic,9,0.0026698309107089885,0.008961838325810422,0.29791107735337935,-0.006292007415101433,False,p99_1991_2020_minus_1981_2010_daily_mean_baseline.tif
daily_mean,p99,1991_2020,1981_2010,0.05,16,Barren,229,0.06793236428359538,0.09854739433729996,0.6893369910023398,-0.030615030053704584,True,p99_1991_2020_minus_1981_2010_daily_mean_baseline.tif
daily_mean,p99,1991_2020,1981_2010,0.05,17,Water,52,0.0154256897063186,0.45545342634386543,0.03386886301448585,-0.44002773663754685,True,p99_1991_2020_minus_1981_2010_daily_mean_baseline.tif
daily_mean,p99,1991_2020,1981_2010,0.1,1,ENF,40,0.0059329575793533075,0.008247845711940911,0.7193342099942294,-0.0023148881325876034,False,p99_1991_2020_minus_1981_2010_daily_mean_baseline.tif
daily_mean,p99,1991_2020,1981_2010,0.1,4,DBF,372,0.055176505487985764,0.024160853508411982,2.283715079385552,0.03101565197957378,True,p99_1991_2020_minus_1981_2010_daily_mean_baseline.tif
daily_mean,p99,1991_2020,1981_2010,0.1,5,MF,371,0.05502818154850193,0.02656544932293804,2.0714191911291193,0.028462732225563888,True,p99_1991_2020_minus_1981_2010_daily_mean_baseline.tif
daily_mean,p99,1991_2020,1981_2010,0.1,7,Open Shrub,211,0.0312963512310887,0.025736561345917112,1.2160269124707135,0.005559789885171584,True,p99_1991_2020_minus_1981_2010_daily_mean_baseline.tif
daily_mean,p99,1991_2020,1981_2010,0.1,8,Woody Savanna,173,0.025660041530703056,0.02796060730406237,0.9177211800751885,-0.002300565773359315,True,p99_1991_2020_minus_1981_2010_daily_mean_baseline.tif
daily_mean,p99,1991_2020,1981_2010,0.1,9,Savanna,510,0.07564520913675467,0.053992613869511694,1.4010288392329466,0.021652595267242974,True,p99_1991_2020_minus_1981_2010_daily_mean_baseline.tif
daily_mean,p99,1991_2020,1981_2010,0.1,10,Grass,950,0.14090774250964105,0.06569552728764874,2.1448605152779217,0.07521221522199231,True,p99_1991_2020_minus_1981_2010_daily_mean_baseline.tif
daily_mean,p99,1991_2020,1981_2010,0.1,11,Wetland,7,0.0010382675763868287,0.00019696347968814116,5.271371007613962,0.0008413040966986875,False,p99_1991_2020_minus_1981_2010_daily_mean_baseline.tif
daily_mean,p99,1991_2020,1981_2010,0.1,12,Cropland,3171,0.4703352121032335,0.1954616331555191,2.4062789433924925,0.27487357894771436,True,p99_1991_2020_minus_1981_2010_daily_mean_baseline.tif
daily_mean,p99,1991_2020,1981_2010,0.1,13,Urban,63,0.00934440818748146,0.007558473533032417,1.2362824512970856,0.0017859346544490421,False,p99_1991_2020_minus_1981_2010_daily_mean_baseline.tif
daily_mean,p99,1991_2020,1981_2010,0.1,14,Crop/Nat Mosaic,13,0.001928211213289825,0.008961838325810422,0.215158000310774,-0.007033627112520597,False,p99_1991_2020_minus_1981_2010_daily_mean_baseline.tif
daily_mean,p99,1991_2020,1981_2010,0.1,16,Barren,736,0.10916641946010086,0.09854739433729996,1.1077555139251574,0.010619025122800899,True,p99_1991_2020_minus_1981_2010_daily_mean_baseline.tif
daily_mean,p99,1991_2020,1981_2010,0.1,17,Water,125,0.018540492435479086,0.45545342634386543,0.04070776804625703,-0.43691293390838637,True,p99_1991_2020_minus_1981_2010_daily_mean_baseline.tif
