percentile,baseline,LC_code,LC_name,Elevation,count,mean,median,std
p95,1981_2020,1,ENF,0_500,373,0.2951407394204638,0.3278007507324219,0.08803398614776145
p95,1981_2020,1,ENF,500_1000,259,0.26159704421938157,0.2866535186767578,0.09277931690843758
p95,1981_2020,1,ENF,1000_1500,251,0.3129181690899974,0.3398876190185547,0.10407290606689432
p95,1981_2020,1,ENF,1500_2000,108,0.30633027465255175,0.31067800521850586,0.0708249857500171
p95,1981_2020,2,EBF,0_500,134,0.14064346142669223,0.13405704498291016,0.09119605724075458
p95,1981_2020,2,EBF,500_1000,23,0.15741240459939707,0.1786479949951172,0.06604756069392988
p95,1981_2020,2,EBF,1000_1500,1,0.1330718994140625,0.1330718994140625,0.0
p95,1981_2020,4,DBF,0_500,1278,0.3345867292795196,0.3377838134765625,0.09628176805536223
p95,1981_2020,4,DBF,500_1000,1276,0.3095692497062085,0.30942440032958984,0.10069988251600186
p95,1981_2020,4,DBF,1000_1500,361,0.2869590669457602,0.2915496826171875,0.0869684483911593
p95,1981_2020,4,DBF,1500_2000,7,0.3065374919346401,0.29296875,0.1015864720703272
p95,1981_2020,5,MF,0_500,1403,0.3695041237774697,0.36833763122558594,0.055136231838147205
p95,1981_2020,5,MF,500_1000,1186,0.3228108082814723,0.3269615173339844,0.06551528790101133
p95,1981_2020,5,MF,1000_1500,599,0.3244310898056412,0.3335075378417969,0.08217314617911052
p95,1981_2020,5,MF,1500_2000,49,0.323914216489208,0.3378133773803711,0.07702303002485603
p95,1981_2020,6,Closed Shrub,500_1000,1,0.4373817443847656,0.4373817443847656,0.0
p95,1981_2020,7,Open Shrub,0_500,614,0.22752441567784412,0.21130943298339844,0.09220891682566448
p95,1981_2020,7,Open Shrub,500_1000,1188,0.22333365578442713,0.22567462921142578,0.13605013077292266
p95,1981_2020,7,Open Shrub,1000_1500,968,0.15555152026089755,0.12679004669189453,0.09761026393390147
p95,1981_2020,7,Open Shrub,1500_2000,293,0.2226871386322959,0.21858596801757812,0.05024902357553282
p95,1981_2020,7,Open Shrub,2000_2500,56,0.2233513423374721,0.22984981536865234,0.042098632726036485
p95,1981_2020,7,Open Shrub,2500_3500,6,0.240721066792806,0.2315521240234375,0.021556621310631793
p95,1981_2020,8,Woody Savanna,0_500,1505,0.2690957497124656,0.257415771484375,0.1082393961531627
p95,1981_2020,8,Woody Savanna,500_1000,1206,0.2491556882462889,0.24245834350585938,0.09125016125739976
p95,1981_2020,8,Woody Savanna,1000_1500,559,0.29837452917491386,0.30892372131347656,0.08747778474005277
p95,1981_2020,8,Woody Savanna,1500_2000,72,0.3208155896928575,0.33417320251464844,0.06875821144094485
p95,1981_2020,9,Savanna,0_500,4104,0.2814445332941721,0.2905158996582031,0.10330695193725901
p95,1981_2020,9,Savanna,500_1000,1843,0.274149447631008,0.28482818603515625,0.1031077974210294
p95,1981_2020,9,Savanna,1000_1500,493,0.2966746297375909,0.31261444091796875,0.11859939831053216
p95,1981_2020,9,Savanna,1500_2000,20,0.2855919361114502,0.28085994720458984,0.10736169964208378
p95,1981_2020,9,Savanna,2000_2500,1,0.3337574005126953,0.3337574005126953,0.0
p95,1981_2020,10,Grass,0_500,2158,0.2512500725817747,0.24294185638427734,0.10765729781025989
p95,1981_2020,10,Grass,500_1000,2042,0.2584198747162254,0.26719188690185547,0.10533551315336113
p95,1981_2020,10,Grass,1000_1500,1998,0.2775238039973262,0.28112125396728516,0.10142438746417881
p95,1981_2020,10,Grass,1500_2000,1126,0.27866804324500727,0.2771272659301758,0.08292312085779639
p95,1981_2020,10,Grass,2000_2500,452,0.2853879759796953,0.28821611404418945,0.07196914563366602
p95,1981_2020,10,Grass,2500_3500,97,0.2701865422356989,0.2621307373046875,0.06534236175773765
p95,1981_2020,11,Wetland,0_500,11,0.32357025146484375,0.29900360107421875,0.0574033980346184
p95,1981_2020,11,Wetland,500_1000,1,0.3629608154296875,0.3629608154296875,0.0
p95,1981_2020,12,Cropland,0_500,19968,0.31955041258763045,0.33646202087402344,0.09963068302521993
p95,1981_2020,12,Cropland,500_1000,2714,0.2614602346848985,0.2836484909057617,0.12391743054590768
p95,1981_2020,12,Cropland,1000_1500,809,0.22842703584687524,0.2196636199951172,0.09867613194926969
p95,1981_2020,12,Cropland,1500_2000,42,0.3058359736487979,0.30367517471313477,0.08026789150029502
p95,1981_2020,12,Cropland,2000_2500,2,0.25431394577026367,0.25431394577026367,0.05280256271362305
p95,1981_2020,13,Urban,0_500,825,0.31007634249600496,0.3269004821777344,0.08453504126040941
p95,1981_2020,13,Urban,500_1000,56,0.28087711334228516,0.2892484664916992,0.08131483369517127
p95,1981_2020,13,Urban,1000_1500,6,0.2094736099243164,0.20248889923095703,0.08549342904035781
p95,1981_2020,14,Crop/Nat Mosaic,0_500,996,0.23947515449370724,0.22974586486816406,0.08257175261255222
p95,1981_2020,14,Crop/Nat Mosaic,500_1000,72,0.26735168033176,0.25986766815185547,0.0754931678973816
p95,1981_2020,14,Crop/Nat Mosaic,1000_1500,4,0.35147714614868164,0.34580135345458984,0.02020752399546781
p95,1981_2020,15,Snow/Ice,2000_2500,1,0.32114601135253906,0.32114601135253906,0.0
p95,1981_2020,15,Snow/Ice,2500_3500,3,0.33095359802246094,0.3289604187011719,0.053207794796687885
p95,1981_2020,16,Barren,0_500,6734,0.14425119887766372,0.14165306091308594,0.044370431323603694
p95,1981_2020,16,Barren,500_1000,3864,0.17072278619059372,0.15884971618652344,0.06160544218231324
p95,1981_2020,16,Barren,1000_1500,989,0.1720398824786272,0.18136978149414062,0.049858154671221684
p95,1981_2020,16,Barren,1500_2000,63,0.22780811975872706,0.2410259246826172,0.05229742281258687
p95,1981_2020,16,Barren,2000_2500,25,0.24963487625122072,0.23667335510253906,0.041337922940582625
p95,1981_2020,16,Barren,2500_3500,34,0.3122685095843147,0.3128376007080078,0.06865880241071273
p95,1981_2020,17,Water,0_500,1532,0.2375933308514229,0.23441696166992188,0.09629435540841788
p95,1981_2020,17,Water,500_1000,43,0.224106278530387,0.22664451599121094,0.07818443650859554
p95,1981_2020,17,Water,1000_1500,9,0.20315106709798178,0.2095050811767578,0.011174549084802995
p95,1991_2020,1,ENF,0_500,373,0.44746023080943415,0.48809814453125,0.1255758170746082
p95,1991_2020,1,ENF,500_1000,259,0.4021886840290084,0.43768882751464844,0.11888279870147078
p95,1991_2020,1,ENF,1000_1500,251,0.47402131889920784,0.5001993179321289,0.1262959901223757
p95,1991_2020,1,ENF,1500_2000,108,0.4609538360878273,0.47569704055786133,0.08706475529092988
p95,1991_2020,2,EBF,0_500,134,0.18736862068745627,0.16610336303710938,0.13133511577853263
p95,1991_2020,2,EBF,500_1000,23,0.23014474951702615,0.23025894165039062,0.06990604071416603
p95,1991_2020,2,EBF,1000_1500,1,0.22289657592773438,0.22289657592773438,0.0
p95,1991_2020,4,DBF,0_500,1278,0.5146892193897229,0.5138645172119141,0.12825349527071012
p95,1991_2020,4,DBF,500_1000,1276,0.4703789863466843,0.45409488677978516,0.13453459725143277
p95,1991_2020,4,DBF,1000_1500,361,0.42277135875416594,0.43120384216308594,0.11556041091263626
p95,1991_2020,4,DBF,1500_2000,7,0.4741766793387277,0.4409646987915039,0.16203468496899767
p95,1991_2020,5,MF,0_500,1403,0.5546091342091305,0.5578727722167969,0.07407676968156811
p95,1991_2020,5,MF,500_1000,1186,0.48053241459555407,0.48978137969970703,0.09061804206121381
p95,1991_2020,5,MF,1000_1500,599,0.47415943177594166,0.4790687561035156,0.10102339597326498
p95,1991_2020,5,MF,1500_2000,49,0.44730910476373165,0.46045398712158203,0.10527633280508136
p95,1991_2020,6,Closed Shrub,500_1000,1,0.6307621002197266,0.6307621002197266,0.0
p95,1991_2020,7,Open Shrub,0_500,614,0.3325428419082095,0.312469482421875,0.12030617573455527
p95,1991_2020,7,Open Shrub,500_1000,1188,0.3444596974536626,0.31565380096435547,0.18417766695579335
p95,1991_2020,7,Open Shrub,1000_1500,968,0.23495621917661558,0.1897592544555664,0.1309664106334636
p95,1991_2020,7,Open Shrub,1500_2000,293,0.29841377466611896,0.2859821319580078,0.07263185875975509
p95,1991_2020,7,Open Shrub,2000_2500,56,0.2905327592577253,0.29489898681640625,0.07140620970285226
p95,1991_2020,7,Open Shrub,2500_3500,6,0.3096647262573242,0.29564476013183594,0.03801723662980149
p95,1991_2020,8,Woody Savanna,0_500,1505,0.3976866763295525,0.3967571258544922,0.16095490624286782
p95,1991_2020,8,Woody Savanna,500_1000,1206,0.3664775551057376,0.3627147674560547,0.12727831777156157
p95,1991_2020,8,Woody Savanna,1000_1500,559,0.43398401093184413,0.4407691955566406,0.12273224340922517
p95,1991_2020,8,Woody Savanna,1500_2000,72,0.44667324754926896,0.4811825752258301,0.10455665711448138
p95,1991_2020,9,Savanna,0_500,4104,0.41264303850616396,0.41331005096435547,0.1567607390363786
p95,1991_2020,9,Savanna,500_1000,1843,0.4049963017099911,0.41037940979003906,0.13318746422304545
p95,1991_2020,9,Savanna,1000_1500,493,0.427800459020278,0.4266777038574219,0.1452498508427496
p95,1991_2020,9,Savanna,1500_2000,20,0.4073055267333984,0.3643522262573242,0.13795080475732494
p95,1991_2020,9,Savanna,2000_2500,1,0.45183753967285156,0.45183753967285156,0.0
p95,1991_2020,10,Grass,0_500,2158,0.3822643728141325,0.3564004898071289,0.1601164485081154
p95,1991_2020,10,Grass,500_1000,2042,0.401881810149997,0.4106435775756836,0.13918621804116474
p95,1991_2020,10,Grass,1000_1500,1998,0.4655100600020186,0.47856998443603516,0.12827124238300616
p95,1991_2020,10,Grass,1500_2000,1126,0.4475123365649533,0.4602932929992676,0.10376361122629069
p95,1991_2020,10,Grass,2000_2500,452,0.38591437951653407,0.3787198066711426,0.09500617728578002
p95,1991_2020,10,Grass,2500_3500,97,0.34044462380949986,0.3291664123535156,0.08783686926837
p95,1991_2020,11,Wetland,0_500,11,0.5229689858176492,0.5207786560058594,0.08696167073073671
p95,1991_2020,11,Wetland,500_1000,1,0.6151542663574219,0.6151542663574219,0.0
p95,1991_2020,12,Cropland,0_500,19968,0.4941292336353889,0.5138797760009766,0.14323804993010456
p95,1991_2020,12,Cropland,500_1000,2714,0.4035410417206778,0.4350099563598633,0.16151628226563966
p95,1991_2020,12,Cropland,1000_1500,809,0.42065186376772057,0.44115447998046875,0.1310367819972145
p95,1991_2020,12,Cropland,1500_2000,42,0.5410687128702799,0.5225825309753418,0.12892875013173932
p95,1991_2020,12,Cropland,2000_2500,2,0.40964460372924805,0.40964460372924805,0.11520147323608398
p95,1991_2020,13,Urban,0_500,825,0.48077741680723246,0.5017147064208984,0.12162117963224385
p95,1991_2020,13,Urban,500_1000,56,0.47086541993277414,0.46228885650634766,0.11310081680155183
p95,1991_2020,13,Urban,1000_1500,6,0.4099556605021159,0.4310178756713867,0.0866764187505644
p95,1991_2020,14,Crop/Nat Mosaic,0_500,996,0.33294242069903146,0.3206443786621094,0.13558421615364696
p95,1991_2020,14,Crop/Nat Mosaic,500_1000,72,0.39975590176052517,0.3677396774291992,0.09797558233315425
p95,1991_2020,14,Crop/Nat Mosaic,1000_1500,4,0.5699095726013184,0.5802364349365234,0.07603781715028876
p95,1991_2020,15,Snow/Ice,2000_2500,1,0.41521453857421875,0.41521453857421875,0.0
p95,1991_2020,15,Snow/Ice,2500_3500,3,0.402987798055013,0.40047550201416016,0.08996931915415561
p95,1991_2020,16,Barren,0_500,6734,0.29398160763936826,0.29226112365722656,0.06775027550989862
p95,1991_2020,16,Barren,500_1000,3864,0.29725334116143964,0.24670124053955078,0.11334697863777496
p95,1991_2020,16,Barren,1000_1500,989,0.2428770788518676,0.24434852600097656,0.07836960095170742
p95,1991_2020,16,Barren,1500_2000,63,0.2952493940080915,0.30438232421875,0.07402409251162388
p95,1991_2020,16,Barren,2000_2500,25,0.3004494285583496,0.2797050476074219,0.06369488787278456
p95,1991_2020,16,Barren,2500_3500,34,0.39577186808866616,0.39573240280151367,0.10690836927855632
p95,1991_2020,17,Water,0_500,1532,0.37708424463595797,0.3742208480834961,0.14529373991867678
p95,1991_2020,17,Water,500_1000,43,0.3752648109613463,0.39912986755371094,0.09770111316780557
p95,1991_2020,17,Water,1000_1500,9,0.39069578382703996,0.38300514221191406,0.025165949997375595
p97,1981_2020,1,ENF,0_500,373,0.28724941938875825,0.3164405822753906,0.09175035609541993
p97,1981_2020,1,ENF,500_1000,259,0.25625678102942506,0.2875823974609375,0.09634756571113115
p97,1981_2020,1,ENF,1000_1500,251,0.30935722518252184,0.3401813507080078,0.11136643328086056
p97,1981_2020,1,ENF,1500_2000,108,0.3144230136164912,0.33010149002075195,0.08182117885180436
p97,1981_2020,2,EBF,0_500,134,0.14474058862942368,0.1381053924560547,0.09433430096965514
p97,1981_2020,2,EBF,500_1000,23,0.1477091416068699,0.14196014404296875,0.08144564985916769
p97,1981_2020,2,EBF,1000_1500,1,0.14019775390625,0.14019775390625,0.0
p97,1981_2020,4,DBF,0_500,1278,0.33249115384240663,0.3421182632446289,0.10071132535434855
p97,1981_2020,4,DBF,500_1000,1276,0.30561556412508495,0.31812381744384766,0.10517986578029936
p97,1981_2020,4,DBF,1000_1500,361,0.2824459789202154,0.28204917907714844,0.09017432491586634
p97,1981_2020,4,DBF,1500_2000,7,0.31032916477748324,0.2861289978027344,0.11703655772078275
p97,1981_2020,5,MF,0_500,1403,0.3600414749221639,0.36350250244140625,0.06106561576126984
p97,1981_2020,5,MF,500_1000,1186,0.3243551559834215,0.3313894271850586,0.07378280407549176
p97,1981_2020,5,MF,1000_1500,599,0.3257998926611695,0.3403053283691406,0.08870469847913316
p97,1981_2020,5,MF,1500_2000,49,0.33399988680469744,0.3434333801269531,0.08403038549069687
p97,1981_2020,6,Closed Shrub,500_1000,1,0.48258018493652344,0.48258018493652344,0.0
p97,1981_2020,7,Open Shrub,0_500,614,0.22747313160849705,0.2081308364868164,0.10125128333147759
p97,1981_2020,7,Open Shrub,500_1000,1188,0.2297110059847334,0.21432876586914062,0.15275610278448548
p97,1981_2020,7,Open Shrub,1000_1500,968,0.14931796010860726,0.1173553466796875,0.1087733868168494
p97,1981_2020,7,Open Shrub,1500_2000,293,0.2219320824528717,0.2174091339111328,0.05643266433950542
p97,1981_2020,7,Open Shrub,2000_2500,56,0.21905044146946498,0.22620773315429688,0.04746700563306757
p97,1981_2020,7,Open Shrub,2500_3500,6,0.2316757837931315,0.21497440338134766,0.03635851680708185
p97,1981_2020,8,Woody Savanna,0_500,1505,0.2643109318425885,0.26143836975097656,0.10130036591475129
p97,1981_2020,8,Woody Savanna,500_1000,1206,0.2461536385329011,0.2429037094116211,0.09691748464039215
p97,1981_2020,8,Woody Savanna,1000_1500,559,0.2998669544144905,0.3109588623046875,0.09592845365534125
p97,1981_2020,8,Woody Savanna,1500_2000,72,0.33653239409128827,0.3551778793334961,0.07417656311353868
p97,1981_2020,9,Savanna,0_500,4104,0.28468879482202364,0.29118919372558594,0.10272445915466526
p97,1981_2020,9,Savanna,500_1000,1843,0.27229680306097764,0.28082275390625,0.11281030375897404
p97,1981_2020,9,Savanna,1000_1500,493,0.2979374009261992,0.29987525939941406,0.1281957946250229
p97,1981_2020,9,Savanna,1500_2000,20,0.2979763984680176,0.27237892150878906,0.12376410054069148
p97,1981_2020,9,Savanna,2000_2500,1,0.3345603942871094,0.3345603942871094,0.0
p97,1981_2020,10,Grass,0_500,2158,0.253159861524863,0.2498617172241211,0.11388521605066505
p97,1981_2020,10,Grass,500_1000,2042,0.2656654615710461,0.2781982421875,0.11897270538923505
p97,1981_2020,10,Grass,1000_1500,1998,0.28435146200048317,0.28449058532714844,0.11277737854960664
p97,1981_2020,10,Grass,1500_2000,1126,0.2859212975307214,0.279937744140625,0.08713388447137556
p97,1981_2020,10,Grass,2000_2500,452,0.30085406894177463,0.3075995445251465,0.0790165277067076
p97,1981_2020,10,Grass,2500_3500,97,0.28658749885165813,0.287412166595459,0.07851274346949381
p97,1981_2020,11,Wetland,0_500,11,0.32272668318314984,0.3194732666015625,0.06031342274910128
p97,1981_2020,11,Wetland,500_1000,1,0.3796424865722656,0.3796424865722656,0.0
p97,1981_2020,12,Cropland,0_500,19968,0.310304962289639,0.32208824157714844,0.10130678001827391
p97,1981_2020,12,Cropland,500_1000,2714,0.2713275236862059,0.29335784912109375,0.1380320385833948
p97,1981_2020,12,Cropland,1000_1500,809,0.228035017940111,0.21085739135742188,0.10423469707727508
p97,1981_2020,12,Cropland,1500_2000,42,0.31808358147030785,0.33677005767822266,0.09482801134155654
p97,1981_2020,12,Cropland,2000_2500,2,0.2914400100708008,0.2914400100708008,0.06510448455810547
p97,1981_2020,13,Urban,0_500,825,0.31242907206217446,0.32953643798828125,0.08927698383912894
p97,1981_2020,13,Urban,500_1000,56,0.28012864930289133,0.2707386016845703,0.09432244528322974
p97,1981_2020,13,Urban,1000_1500,6,0.20805835723876953,0.1845541000366211,0.10757707467949874
p97,1981_2020,14,Crop/Nat Mosaic,0_500,996,0.24723851920131698,0.23415756225585938,0.07972387864145529
p97,1981_2020,14,Crop/Nat Mosaic,500_1000,72,0.2587989966074626,0.2397174835205078,0.10196807978092659
p97,1981_2020,14,Crop/Nat Mosaic,1000_1500,4,0.36665868759155273,0.3602895736694336,0.04062502424784911
p97,1981_2020,15,Snow/Ice,2000_2500,1,0.32613658905029297,0.32613658905029297,0.0
p97,1981_2020,15,Snow/Ice,2500_3500,3,0.3391585350036621,0.30431365966796875,0.05054369296935339
p97,1981_2020,16,Barren,0_500,6734,0.14619662338950212,0.14242935180664062,0.046489251274623916
p97,1981_2020,16,Barren,500_1000,3864,0.16106073703331483,0.15135765075683594,0.06734692316823583
p97,1981_2020,16,Barren,1000_1500,989,0.16301875215690467,0.17662429809570312,0.05648602193600945
p97,1981_2020,16,Barren,1500_2000,63,0.21464005727616567,0.22445297241210938,0.04764435081685154
p97,1981_2020,16,Barren,2000_2500,25,0.25208904266357424,0.24021148681640625,0.049584375735233444
p97,1981_2020,16,Barren,2500_3500,34,0.33839894743526683,0.3196525573730469,0.08199317276753504
p97,1981_2020,17,Water,0_500,1532,0.23463273733153978,0.23192501068115234,0.09801772041146238
p97,1981_2020,17,Water,500_1000,43,0.21841408485590025,0.21822166442871094,0.07760375576293412
p97,1981_2020,17,Water,1000_1500,9,0.2035149468315972,0.20532989501953125,0.016990743415993995
p97,1991_2020,1,ENF,0_500,373,0.41845143192894657,0.4530658721923828,0.12399339439236243
p97,1991_2020,1,ENF,500_1000,259,0.3790560689211812,0.4182300567626953,0.11940411541446176
p97,1991_2020,1,ENF,1000_1500,251,0.45211468654799747,0.4838066101074219,0.13929019770486162
p97,1991_2020,1,ENF,1500_2000,108,0.44778574837578666,0.46495723724365234,0.10686804722996199
p97,1991_2020,2,EBF,0_500,134,0.1797528053397563,0.15265274047851562,0.11997266141457662
p97,1991_2020,2,EBF,500_1000,23,0.19597783296004587,0.1898040771484375,0.07861940877601904
p97,1991_2020,2,EBF,1000_1500,1,0.1839466094970703,0.1839466094970703,0.0
p97,1991_2020,4,DBF,0_500,1278,0.4856753670180534,0.4937095642089844,0.12785861415658228
p97,1991_2020,4,DBF,500_1000,1276,0.4466979346678922,0.437255859375,0.13092118667795358
p97,1991_2020,4,DBF,1000_1500,361,0.4038355581648132,0.40984153747558594,0.12077352076725867
p97,1991_2020,4,DBF,1500_2000,7,0.4629617418561663,0.40161895751953125,0.1860867603728529
p97,1991_2020,5,MF,0_500,1403,0.5199447762345893,0.5251083374023438,0.08376250320479449
p97,1991_2020,5,MF,500_1000,1186,0.45680851397586714,0.4670534133911133,0.1011213008204817
p97,1991_2020,5,MF,1000_1500,599,0.4527450618839423,0.46414756774902344,0.10754321442908801
p97,1991_2020,5,MF,1500_2000,49,0.43922414585035674,0.45859241485595703,0.11237091884388957
p97,1991_2020,6,Closed Shrub,500_1000,1,0.6248664855957031,0.6248664855957031,0.0
p97,1991_2020,7,Open Shrub,0_500,614,0.32951297511495287,0.3046293258666992,0.1283497854919386
p97,1991_2020,7,Open Shrub,500_1000,1188,0.33994712893810336,0.3118400573730469,0.19680324099783014
p97,1991_2020,7,Open Shrub,1000_1500,968,0.2136546087659095,0.16749858856201172,0.14224757379208028
p97,1991_2020,7,Open Shrub,1500_2000,293,0.2823735455197279,0.2666454315185547,0.08202586785807353
p97,1991_2020,7,Open Shrub,2000_2500,56,0.27155586651393343,0.27001380920410156,0.08265439040405535
p97,1991_2020,7,Open Shrub,2500_3500,6,0.2899964650472005,0.2647285461425781,0.056546878749280445
p97,1991_2020,8,Woody Savanna,0_500,1505,0.3742082082551975,0.36988067626953125,0.14694251925975016
p97,1991_2020,8,Woody Savanna,500_1000,1206,0.3461748276579242,0.33893585205078125,0.1304230211539303
p97,1991_2020,8,Woody Savanna,1000_1500,559,0.41522379040931334,0.4202594757080078,0.1342228934126217
p97,1991_2020,8,Woody Savanna,1500_2000,72,0.4443492492039998,0.47959184646606445,0.11309423634531009
p97,1991_2020,9,Savanna,0_500,4104,0.39876543336909187,0.3896036148071289,0.1508304139792956
p97,1991_2020,9,Savanna,500_1000,1843,0.3828036152533843,0.37602996826171875,0.1430330723386827
p97,1991_2020,9,Savanna,1000_1500,493,0.4124878850476495,0.4000816345214844,0.16070351621122977
p97,1991_2020,9,Savanna,1500_2000,20,0.41181435585021975,0.3784961700439453,0.1554212760292921
p97,1991_2020,9,Savanna,2000_2500,1,0.4391193389892578,0.4391193389892578,0.0
p97,1991_2020,10,Grass,0_500,2158,0.3703227957936765,0.3364591598510742,0.16169984559424555
p97,1991_2020,10,Grass,500_1000,2042,0.3938571451693394,0.39536094665527344,0.14510547608822097
p97,1991_2020,10,Grass,1000_1500,1998,0.4599934884377786,0.4698610305786133,0.13609425230287353
p97,1991_2020,10,Grass,1500_2000,1126,0.44253444756326626,0.4538097381591797,0.1066141717924117
p97,1991_2020,10,Grass,2000_2500,452,0.3940665489804428,0.39104461669921875,0.09618288865050605
p97,1991_2020,10,Grass,2500_3500,97,0.35543253003936454,0.34685611724853516,0.09482117903580613
p97,1991_2020,11,Wetland,0_500,11,0.5043425126509233,0.4875774383544922,0.09137846170556675
p97,1991_2020,11,Wetland,500_1000,1,0.6140308380126953,0.6140308380126953,0.0
p97,1991_2020,12,Cropland,0_500,19968,0.4671262103395584,0.48358821868896484,0.14154065551991413
p97,1991_2020,12,Cropland,500_1000,2714,0.3964109972459741,0.41851806640625,0.16783749451746505
p97,1991_2020,12,Cropland,1000_1500,809,0.41422149130086816,0.42534828186035156,0.1322391410876735
p97,1991_2020,12,Cropland,1500_2000,42,0.5414022718157087,0.5420608520507812,0.1397429944607002
p97,1991_2020,12,Cropland,2000_2500,2,0.4197068214416504,0.4197068214416504,0.13572072982788086
p97,1991_2020,13,Urban,0_500,825,0.46440876353870736,0.4808845520019531,0.12011370621867312
p97,1991_2020,13,Urban,500_1000,56,0.4526097433907645,0.4622354507446289,0.11864735254577151
p97,1991_2020,13,Urban,1000_1500,6,0.4069089889526367,0.40772151947021484,0.1006584584361266
p97,1991_2020,14,Crop/Nat Mosaic,0_500,996,0.3272966457658025,0.308837890625,0.13228529257614097
p97,1991_2020,14,Crop/Nat Mosaic,500_1000,72,0.36030324300130206,0.32953643798828125,0.1376740398601692
p97,1991_2020,14,Crop/Nat Mosaic,1000_1500,4,0.5907435417175293,0.5854864120483398,0.030274242704030122
p97,1991_2020,15,Snow/Ice,2000_2500,1,0.4226217269897461,0.4226217269897461,0.0
p97,1991_2020,15,Snow/Ice,2500_3500,3,0.4108421007792155,0.37790775299072266,0.08139945701389428
p97,1991_2020,16,Barren,0_500,6734,0.30079282721532785,0.3012199401855469,0.06789410260362405
p97,1991_2020,16,Barren,500_1000,3864,0.2857472654702007,0.2392559051513672,0.11382141208463899
p97,1991_2020,16,Barren,1000_1500,989,0.22869289656620778,0.2364940643310547,0.08402592285753148
p97,1991_2020,16,Barren,1500_2000,63,0.27199678572397384,0.27346038818359375,0.07487778297755289
p97,1991_2020,16,Barren,2000_2500,25,0.29980712890625,0.2782554626464844,0.06317743660749305
p97,1991_2020,16,Barren,2500_3500,34,0.41977569636176615,0.40302062034606934,0.1142980384896864
p97,1991_2020,17,Water,0_500,1532,0.36473142696111693,0.3630828857421875,0.1454092118647317
p97,1991_2020,17,Water,500_1000,43,0.3599206791367642,0.37994956970214844,0.09575355010411021
p97,1991_2020,17,Water,1000_1500,9,0.37100134955512154,0.3672218322753906,0.03360467552296411
p99,1981_2020,1,ENF,0_500,373,0.285552978515625,0.3097648620605469,0.08893541215000776
p99,1981_2020,1,ENF,500_1000,259,0.270354852713213,0.2905769348144531,0.09865422584701776
p99,1981_2020,1,ENF,1000_1500,251,0.3208062867244401,0.33864593505859375,0.11366000659928442
p99,1981_2020,1,ENF,1500_2000,108,0.3378654497641104,0.33772850036621094,0.09818598771090245
p99,1981_2020,2,EBF,0_500,134,0.18133576236554047,0.18655776977539062,0.10845013681136766
p99,1981_2020,2,EBF,500_1000,23,0.16474640887716543,0.1590576171875,0.10189107925446264
p99,1981_2020,2,EBF,1000_1500,1,0.16120338439941406,0.16120338439941406,0.0
p99,1981_2020,4,DBF,0_500,1278,0.2926506287241952,0.29192352294921875,0.11370370603472889
p99,1981_2020,4,DBF,500_1000,1276,0.28619806893566935,0.3067750930786133,0.10422893424980612
p99,1981_2020,4,DBF,1000_1500,361,0.2680570517880765,0.2707481384277344,0.09394564765106876
p99,1981_2020,4,DBF,1500_2000,7,0.2909510476248605,0.25496864318847656,0.13836943344984584
p99,1981_2020,5,MF,0_500,1403,0.3613219543261266,0.3575553894042969,0.07608124030460148
p99,1981_2020,5,MF,500_1000,1186,0.32199768674313317,0.33345794677734375,0.08604540314821398
p99,1981_2020,5,MF,1000_1500,599,0.32636827936952617,0.3334846496582031,0.10142832416129752
p99,1981_2020,5,MF,1500_2000,49,0.36205714089529856,0.35892200469970703,0.10655522756218468
p99,1981_2020,6,Closed Shrub,500_1000,1,0.48472023010253906,0.48472023010253906,0.0
p99,1981_2020,7,Open Shrub,0_500,614,0.24008444932074036,0.2327404022216797,0.12004781480145835
p99,1981_2020,7,Open Shrub,500_1000,1188,0.23583811782425904,0.20335102081298828,0.17340457377607155
p99,1981_2020,7,Open Shrub,1000_1500,968,0.14233164550844302,0.09400367736816406,0.11742002941177852
p99,1981_2020,7,Open Shrub,1500_2000,293,0.21608638437941619,0.21240997314453125,0.06153852355210102
p99,1981_2020,7,Open Shrub,2000_2500,56,0.21476868220738002,0.21305084228515625,0.05315784715753825
p99,1981_2020,7,Open Shrub,2500_3500,6,0.24006334940592447,0.2048931121826172,0.0649389196193577
p99,1981_2020,8,Woody Savanna,0_500,1505,0.25882979358153485,0.2595996856689453,0.10289606517980093
p99,1981_2020,8,Woody Savanna,500_1000,1206,0.2442674423331645,0.23491573333740234,0.10219139173147766
p99,1981_2020,8,Woody Savanna,1000_1500,559,0.29589890665999463,0.2994117736816406,0.10050615127664593
p99,1981_2020,8,Woody Savanna,1500_2000,72,0.36481806966993546,0.35544252395629883,0.09639806495859804
p99,1981_2020,9,Savanna,0_500,4104,0.29889838133174307,0.3112964630126953,0.11864914264364768
p99,1981_2020,9,Savanna,500_1000,1843,0.27401158606559767,0.269744873046875,0.12896128364507053
p99,1981_2020,9,Savanna,1000_1500,493,0.31065117950129945,0.29673194885253906,0.1399190393997167
p99,1981_2020,9,Savanna,1500_2000,20,0.3169876575469971,0.3042736053466797,0.1515658318907656
p99,1981_2020,9,Savanna,2000_2500,1,0.39003944396972656,0.39003944396972656,0.0
p99,1981_2020,10,Grass,0_500,2158,0.2681179347139912,0.2653961181640625,0.133237335409157
p99,1981_2020,10,Grass,500_1000,2042,0.2880696844050513,0.30048370361328125,0.13768457813489837
p99,1981_2020,10,Grass,1000_1500,1998,0.30908487270305585,0.30739784240722656,0.12096270747530337
p99,1981_2020,10,Grass,1500_2000,1126,0.3114324039506658,0.3002510070800781,0.09544486233689305
p99,1981_2020,10,Grass,2000_2500,452,0.34593608632551887,0.34549903869628906,0.0881805386484116
p99,1981_2020,10,Grass,2500_3500,97,0.3451989164057466,0.33145713806152344,0.10408374126647878
p99,1981_2020,11,Wetland,0_500,11,0.28936438126997516,0.26674652099609375,0.08175674596538386
p99,1981_2020,11,Wetland,500_1000,1,0.40188026428222656,0.40188026428222656,0.0
p99,1981_2020,12,Cropland,0_500,19968,0.3055261930403037,0.31822872161865234,0.11537621155912335
p99,1981_2020,12,Cropland,500_1000,2714,0.29403436333270483,0.3163118362426758,0.15394992140110217
p99,1981_2020,12,Cropland,1000_1500,809,0.2491071816575247,0.22923660278320312,0.10939209233009649
p99,1981_2020,12,Cropland,1500_2000,42,0.3574111121041434,0.3789329528808594,0.12841710760664748
p99,1981_2020,12,Cropland,2000_2500,2,0.3080730438232422,0.3080730438232422,0.11420822143554688
p99,1981_2020,13,Urban,0_500,825,0.3230994230328184,0.33775901794433594,0.10462820301346587
p99,1981_2020,13,Urban,500_1000,56,0.2710311072213309,0.2508249282836914,0.08848797472778444
p99,1981_2020,13,Urban,1000_1500,6,0.2451763153076172,0.19823169708251953,0.11096947249695158
p99,1981_2020,14,Crop/Nat Mosaic,0_500,996,0.27260487338146533,0.27124595642089844,0.09143714859092691
p99,1981_2020,14,Crop/Nat Mosaic,500_1000,72,0.23158701260884604,0.19666290283203125,0.10674766993541009
p99,1981_2020,14,Crop/Nat Mosaic,1000_1500,4,0.3911552429199219,0.4129762649536133,0.053167519008875896
p99,1981_2020,15,Snow/Ice,2000_2500,1,0.4645204544067383,0.4645204544067383,0.0
p99,1981_2020,15,Snow/Ice,2500_3500,3,0.41967280705769855,0.3937530517578125,0.042303209336614266
p99,1981_2020,16,Barren,0_500,6734,0.1381394451720303,0.13815879821777344,0.0647274343253348
p99,1981_2020,16,Barren,500_1000,3864,0.1462245308340953,0.147430419921875,0.07263616765700205
p99,1981_2020,16,Barren,1000_1500,989,0.1497008764346039,0.1614818572998047,0.06380484316050097
p99,1981_2020,16,Barren,1500_2000,63,0.20674163576156374,0.2165508270263672,0.05770445280061765
p99,1981_2020,16,Barren,2000_2500,25,0.2644103240966797,0.24141311645507812,0.08315811207524205
p99,1981_2020,16,Barren,2500_3500,34,0.40566179331611185,0.38187742233276367,0.11417235697419208
p99,1981_2020,17,Water,0_500,1532,0.2313804389913773,0.23833847045898438,0.10267418493939567
p99,1981_2020,17,Water,500_1000,43,0.23415853810864826,0.24402427673339844,0.06976451818872267
p99,1981_2020,17,Water,1000_1500,9,0.2644778357611762,0.2609081268310547,0.026346693813475312
p99,1991_2020,1,ENF,0_500,373,0.36951861752262066,0.38552284240722656,0.10680472413228546
p99,1991_2020,1,ENF,500_1000,259,0.34902721022086713,0.3743476867675781,0.1117068372987103
p99,1991_2020,1,ENF,1000_1500,251,0.4282116301031227,0.45502471923828125,0.13478661882560827
p99,1991_2020,1,ENF,1500_2000,108,0.4252417529070819,0.434328556060791,0.12641780441286488
p99,1991_2020,2,EBF,0_500,134,0.19462171241418638,0.17852115631103516,0.11800414687698625
p99,1991_2020,2,EBF,500_1000,23,0.17413495934527853,0.1544036865234375,0.09226099801309019
p99,1991_2020,2,EBF,1000_1500,1,0.17103195190429688,0.17103195190429688,0.0
p99,1991_2020,4,DBF,0_500,1278,0.39614241037383696,0.3999614715576172,0.13777807538891923
p99,1991_2020,4,DBF,500_1000,1276,0.3841441312927437,0.3815460205078125,0.12963128503631877
p99,1991_2020,4,DBF,1000_1500,361,0.34580494888601543,0.3402233123779297,0.12544642222938987
p99,1991_2020,4,DBF,1500_2000,7,0.39844254084995817,0.3202171325683594,0.18816064551952824
p99,1991_2020,5,MF,0_500,1403,0.4699020100251658,0.46010780334472656,0.10356938773996739
p99,1991_2020,5,MF,500_1000,1186,0.39375850121046196,0.40984344482421875,0.1219185066462572
p99,1991_2020,5,MF,1000_1500,599,0.4009440060648974,0.4057178497314453,0.12711251564396053
p99,1991_2020,5,MF,1500_2000,49,0.40667952323446466,0.42226696014404297,0.1411685892976164
p99,1991_2020,6,Closed Shrub,500_1000,1,0.5804443359375,0.5804443359375,0.0
p99,1991_2020,7,Open Shrub,0_500,614,0.3074261979093769,0.3173255920410156,0.15025530690039676
p99,1991_2020,7,Open Shrub,500_1000,1188,0.30704017118974164,0.2984199523925781,0.21025949886146902
p99,1991_2020,7,Open Shrub,1000_1500,968,0.1774324385587834,0.1350688934326172,0.14895843509390252
p99,1991_2020,7,Open Shrub,1500_2000,293,0.23850018498026876,0.2227954864501953,0.08790501535857038
p99,1991_2020,7,Open Shrub,2000_2500,56,0.2249561037336077,0.21927928924560547,0.08848938371699096
p99,1991_2020,7,Open Shrub,2500_3500,6,0.24188931783040366,0.20176029205322266,0.09312664179497482
p99,1991_2020,8,Woody Savanna,0_500,1505,0.31916039552403447,0.32521820068359375,0.1291748534995114
p99,1991_2020,8,Woody Savanna,500_1000,1206,0.2963155877728565,0.27832794189453125,0.13828741052598845
p99,1991_2020,8,Woody Savanna,1000_1500,559,0.36661343924261375,0.36981201171875,0.14710410464595922
p99,1991_2020,8,Woody Savanna,1500_2000,72,0.42288140455881756,0.4434185028076172,0.13099197709605762
p99,1991_2020,9,Savanna,0_500,4104,0.3692443273220843,0.3737335205078125,0.153774954432191
p99,1991_2020,9,Savanna,500_1000,1843,0.33725938057032734,0.32787513732910156,0.15601720230784408
p99,1991_2020,9,Savanna,1000_1500,493,0.3793601061219376,0.37641334533691406,0.17534834722932302
p99,1991_2020,9,Savanna,1500_2000,20,0.38462071418762206,0.36145496368408203,0.1861737395921508
p99,1991_2020,9,Savanna,2000_2500,1,0.4699535369873047,0.4699535369873047,0.0
p99,1991_2020,10,Grass,0_500,2158,0.35285580611206846,0.34143829345703125,0.16695281925455008
p99,1991_2020,10,Grass,500_1000,2042,0.3790386089732201,0.38610363006591797,0.15642054000482875
p99,1991_2020,10,Grass,1000_1500,1998,0.4526547979902815,0.4610748291015625,0.1401607515974313
p99,1991_2020,10,Grass,1500_2000,1126,0.43585323482804783,0.4381070137023926,0.11843170690019048
p99,1991_2020,10,Grass,2000_2500,452,0.408854272513263,0.4068021774291992,0.11622693393752428
p99,1991_2020,10,Grass,2500_3500,97,0.39384246118289906,0.37512779235839844,0.1293409621794402
p99,1991_2020,11,Wetland,0_500,11,0.4406103654341264,0.4553985595703125,0.12267917905161399
p99,1991_2020,11,Wetland,500_1000,1,0.6027050018310547,0.6027050018310547,0.0
p99,1991_2020,12,Cropland,0_500,19968,0.41792772872707784,0.43483734130859375,0.1437475419596555
p99,1991_2020,12,Cropland,500_1000,2714,0.37659973138909,0.40381526947021484,0.1714065057257605
p99,1991_2020,12,Cropland,1000_1500,809,0.4026497556783066,0.4098625183105469,0.1359741870839617
p99,1991_2020,12,Cropland,1500_2000,42,0.5314264751615978,0.5369501113891602,0.15141076618727892
p99,1991_2020,12,Cropland,2000_2500,2,0.3875246047973633,0.3875246047973633,0.20267772674560547
p99,1991_2020,13,Urban,0_500,825,0.438460210164388,0.45699310302734375,0.13916168483408792
p99,1991_2020,13,Urban,500_1000,56,0.3876358781542097,0.39330577850341797,0.11269476809155884
p99,1991_2020,13,Urban,1000_1500,6,0.4232174555460612,0.40079212188720703,0.09770028526811195
p99,1991_2020,14,Crop/Nat Mosaic,0_500,996,0.32022367806798485,0.30216503143310547,0.12394531296233484
p99,1991_2020,14,Crop/Nat Mosaic,500_1000,72,0.27209146817525226,0.2957735061645508,0.15137146325619213
p99,1991_2020,14,Crop/Nat Mosaic,1000_1500,4,0.5602855682373047,0.5675945281982422,0.046589380689069766
p99,1991_2020,15,Snow/Ice,2000_2500,1,0.5378694534301758,0.5378694534301758,0.0
p99,1991_2020,15,Snow/Ice,2500_3500,3,0.4666566848754883,0.4468498229980469,0.09787018739953822
p99,1991_2020,16,Barren,0_500,6734,0.27860510763514457,0.2815704345703125,0.08571854266419054
p99,1991_2020,16,Barren,500_1000,3864,0.2541954211319949,0.22607135772705078,0.10368085933824993
p99,1991_2020,16,Barren,1000_1500,989,0.19047662871913312,0.20405006408691406,0.0960758210554521
p99,1991_2020,16,Barren,1500_2000,63,0.22540691920689174,0.2285900115966797,0.08269003965663622
p99,1991_2020,16,Barren,2000_2500,25,0.2977767562866211,0.2618122100830078,0.10736370739138021
p99,1991_2020,16,Barren,2500_3500,34,0.4786415240343879,0.4578118324279785,0.14480222338875623
p99,1991_2020,17,Water,0_500,1532,0.3306902494505242,0.33448028564453125,0.14455153387074474
p99,1991_2020,17,Water,500_1000,43,0.34353926015454667,0.3694190979003906,0.10359886150100653
p99,1991_2020,17,Water,1000_1500,9,0.40044805738661027,0.3927803039550781,0.023659056823908474
