daily_stat,percentile,baseline,top_frac,LC_code,LC_name,count_hot,fraction_hotspot,fraction_global,enrichment_ratio,difference,reliable
daily_maximum,p95,1981_2020,0.05,1,ENF,17,0.005043013942450311,0.008247845711940911,0.6114340784950949,-0.0032048317694905997,False
daily_maximum,p95,1981_2020,0.05,4,DBF,359,0.10649658854939187,0.024160853508411982,4.407815663975339,0.08233573504097988,True
daily_maximum,p95,1981_2020,0.05,5,MF,206,0.06110946306733907,0.02656544932293804,2.3003361367795074,0.034544013744401025,True
daily_maximum,p95,1981_2020,0.05,7,Open Shrub,115,0.03411450608128152,0.025736561345917112,1.3255269662003037,0.008377944735364407,True
daily_maximum,p95,1981_2020,0.05,8,Woody Savanna,166,0.04924354790863245,0.02796060730406237,1.76117590627146,0.02128294060457008,True
daily_maximum,p95,1981_2020,0.05,9,Savanna,329,0.09759715218036191,0.053992613869511694,1.8076019141476058,0.04360453831085022,True
daily_maximum,p95,1981_2020,0.05,10,Grass,297,0.08810442005339662,0.06569552728764874,1.341102259026406,0.02240889276574788,True
daily_maximum,p95,1981_2020,0.05,11,Wetland,5,0.0014832393948383269,0.00019696347968814116,7.530530010877089,0.0012862759151501858,False
daily_maximum,p95,1981_2020,0.05,12,Cropland,1791,0.5312963512310886,0.1954616331555191,2.718161833879504,0.3358347180755695,True
daily_maximum,p95,1981_2020,0.05,13,Urban,23,0.006822901216256304,0.007558473533032417,0.9026824247566021,-0.0007355723167761135,False
daily_maximum,p95,1981_2020,0.05,14,Crop/Nat Mosaic,20,0.0059329575793533075,0.008961838325810422,0.662024616340843,-0.0030288807464571143,False
daily_maximum,p95,1981_2020,0.05,16,Barren,3,0.0008899436369029962,0.09854739433729996,0.009030615602650739,-0.09765745070039697,False
daily_maximum,p95,1981_2020,0.05,17,Water,40,0.011865915158706615,0.45545342634386543,0.026052971549604502,-0.4435875111851588,True
daily_maximum,p95,1981_2020,0.1,1,ENF,64,0.009492732126965293,0.008247845711940911,1.1509347359907671,0.0012448864150243818,False
daily_maximum,p95,1981_2020,0.1,4,DBF,564,0.08365470186888163,0.024160853508411982,3.4624067332619655,0.05949384836046965,True
daily_maximum,p95,1981_2020,0.1,5,MF,422,0.0625927024621774,0.02656544932293804,2.356169538157651,0.03602725313923935,True
daily_maximum,p95,1981_2020,0.1,6,Closed Shrub,1,0.0001483239394838327,8.206811653672548e-06,18.073272026105016,0.00014011712783016015,False
daily_maximum,p95,1981_2020,0.1,7,Open Shrub,214,0.03174132304954019,0.025736561345917112,1.2333163946385435,0.006004761703623081,True
daily_maximum,p95,1981_2020,0.1,8,Woody Savanna,305,0.04523880154256897,0.02796060730406237,1.617947745219263,0.0172781942385066,True
daily_maximum,p95,1981_2020,0.1,9,Savanna,613,0.09092257490358945,0.053992613869511694,1.6839817224505813,0.03692996103407775,True
daily_maximum,p95,1981_2020,0.1,10,Grass,582,0.08632453277959062,0.06569552728764874,1.3140092840965794,0.020629005491941882,True
daily_maximum,p95,1981_2020,0.1,11,Wetland,6,0.0008899436369029962,0.00019696347968814116,4.518318006526254,0.000692980157214855,False
daily_maximum,p95,1981_2020,0.1,12,Cropland,3794,0.5627410264016612,0.1954616331555191,2.8790357335954324,0.3672793932461421,True
daily_maximum,p95,1981_2020,0.1,13,Urban,69,0.010234351824384456,0.007558473533032417,1.3540236371349033,0.0026758782913520384,False
daily_maximum,p95,1981_2020,0.1,14,Crop/Nat Mosaic,45,0.006674577276772471,0.008961838325810422,0.7447776933834485,-0.0022872610490379504,False
daily_maximum,p95,1981_2020,0.1,16,Barren,3,0.0004449718184514981,0.09854739433729996,0.004515307801325369,-0.09810242251884846,False
daily_maximum,p95,1981_2020,0.1,17,Water,60,0.008899436369029961,0.45545342634386543,0.019539728662203375,-0.4465539899748355,True
daily_maximum,p95,1991_2020,0.05,1,ENF,8,0.002373183031741323,0.008247845711940911,0.2877336839976918,-0.005874662680199588,False
daily_maximum,p95,1991_2020,0.05,4,DBF,297,0.08810442005339662,0.024160853508411982,3.646577304180156,0.06394356654498465,True
daily_maximum,p95,1991_2020,0.05,5,MF,116,0.034411153960249186,0.02656544932293804,1.2953349119729265,0.007845704637311147,True
daily_maximum,p95,1991_2020,0.05,7,Open Shrub,72,0.021358647285671908,0.025736561345917112,0.8298951440558424,-0.004377914060245205,True
daily_maximum,p95,1991_2020,0.05,8,Woody Savanna,110,0.03263126668644319,0.02796060730406237,1.1670442752401242,0.004670659382380822,True
daily_maximum,p95,1991_2020,0.05,9,Savanna,278,0.08246811035301098,0.053992613869511694,1.5273961463010166,0.028475496483499285,True
daily_maximum,p95,1991_2020,0.05,10,Grass,254,0.07534856125778701,0.06569552728764874,1.1469359386959834,0.009653033970138267,True
daily_maximum,p95,1991_2020,0.05,11,Wetland,6,0.0017798872738059924,0.00019696347968814116,9.036636013052508,0.0015829237941178513,False
daily_maximum,p95,1991_2020,0.05,12,Cropland,2135,0.6333432215959656,0.1954616331555191,3.2402431688066673,0.43788158844044645,True
daily_maximum,p95,1991_2020,0.05,13,Urban,34,0.010086027884900622,0.007558473533032417,1.3344001061619335,0.002527554351868205,False
daily_maximum,p95,1991_2020,0.05,14,Crop/Nat Mosaic,13,0.00385642242657965,0.008961838325810422,0.430316000621548,-0.005105415899230772,False
daily_maximum,p95,1991_2020,0.05,16,Barren,2,0.0005932957579353308,0.09854739433729996,0.00602041040176716,-0.09795409857936463,False
daily_maximum,p95,1991_2020,0.05,17,Water,46,0.013645802432512608,0.45545342634386543,0.029960917282045176,-0.4418076239113528,True
daily_maximum,p95,1991_2020,0.1,1,ENF,24,0.0035592466261308024,0.008247845711940911,0.43153651880003807,-0.004688599085810109,False
daily_maximum,p95,1991_2020,0.1,4,DBF,553,0.0820109743437639,0.024160853508411982,3.3943740569930814,0.057850120835351924,True
daily_maximum,p95,1991_2020,0.1,5,MF,280,0.04152454397152603,0.02656544932293804,1.5631033929349543,0.014959094648587992,True
daily_maximum,p95,1991_2020,0.1,6,Closed Shrub,1,0.00014830194275545008,8.206811653672548e-06,18.070591724751594,0.00014009513110177754,False
daily_maximum,p95,1991_2020,0.1,7,Open Shrub,125,0.01853774284443126,0.025736561345917112,0.7202882543348051,-0.007198818501485852,True
daily_maximum,p95,1991_2020,0.1,8,Woody Savanna,250,0.03707548568886252,0.02796060730406237,1.325990000348664,0.00911487838480015,True
daily_maximum,p95,1991_2020,0.1,9,Savanna,526,0.07800682188936675,0.053992613869511694,1.444768391430208,0.024014208019855057,True
daily_maximum,p95,1991_2020,0.1,10,Grass,565,0.08379059765682931,0.06569552728764874,1.275438391565853,0.018095070369180566,True
daily_maximum,p95,1991_2020,0.1,11,Wetland,6,0.0008898116565327006,0.00019696347968814116,4.5176479311878985,0.0006928481768445594,False
daily_maximum,p95,1991_2020,0.1,12,Cropland,4224,0.6264274061990212,0.1954616331555191,3.204861210284701,0.43096577304350203,True
daily_maximum,p95,1991_2020,0.1,13,Urban,78,0.011567551534925108,0.007558473533032417,1.5304084196858028,0.004009078001892691,False
daily_maximum,p95,1991_2020,0.1,14,Crop/Nat Mosaic,30,0.0044490582826635025,0.008961838325810422,0.4964448276030658,-0.004512780043146919,False
daily_maximum,p95,1991_2020,0.1,16,Barren,11,0.0016313213703099511,0.09854739433729996,0.01655367329882308,-0.09691607296699001,False
daily_maximum,p95,1991_2020,0.1,17,Water,70,0.010381135992881508,0.45545342634386543,0.0227929693628955,-0.44507229035098395,True
daily_maximum,p97,1981_2020,0.05,1,ENF,19,0.005636309700385643,0.008247845711940911,0.6833674994945179,-0.0026115360115552683,False
daily_maximum,p97,1981_2020,0.05,4,DBF,318,0.09433402551171759,0.024160853508411982,3.904416103465621,0.07017317200330561,True
daily_maximum,p97,1981_2020,0.05,5,MF,209,0.06199940670424207,0.02656544932293804,2.3338361776063934,0.03543395738130403,True
daily_maximum,p97,1981_2020,0.05,6,Closed Shrub,1,0.0002966478789676654,8.206811653672548e-06,36.14654405221003,0.0002884410673139928,False
daily_maximum,p97,1981_2020,0.05,7,Open Shrub,215,0.06377929397804806,0.025736561345917112,2.478159110722307,0.03804273263213095,True
daily_maximum,p97,1981_2020,0.05,8,Woody Savanna,116,0.034411153960249186,0.02796060730406237,1.2307012357077673,0.006450546656186815,True
daily_maximum,p97,1981_2020,0.05,9,Savanna,329,0.09759715218036191,0.053992613869511694,1.8076019141476058,0.04360453831085022,True
daily_maximum,p97,1981_2020,0.05,10,Grass,452,0.13408484129338474,0.06569552728764874,2.041004111380254,0.068389314005736,True
daily_maximum,p97,1981_2020,0.05,11,Wetland,5,0.0014832393948383269,0.00019696347968814116,7.530530010877089,0.0012862759151501858,False
daily_maximum,p97,1981_2020,0.05,12,Cropland,1613,0.4784930287748443,0.1954616331555191,2.4480150966206815,0.2830313956193252,True
daily_maximum,p97,1981_2020,0.05,13,Urban,22,0.006526253337288638,0.007558473533032417,0.8634353628106629,-0.0010322201957437792,False
daily_maximum,p97,1981_2020,0.05,14,Crop/Nat Mosaic,25,0.007416196974191634,0.008961838325810422,0.8275307704260538,-0.0015456413516187874,False
daily_maximum,p97,1981_2020,0.05,16,Barren,4,0.0011865915158706616,0.09854739433729996,0.01204082080353432,-0.0973608028214293,False
daily_maximum,p97,1981_2020,0.05,17,Water,43,0.012755858795609611,0.45545342634386543,0.02800694441582484,-0.44269756754825584,True
daily_maximum,p97,1981_2020,0.1,1,ENF,68,0.010086027884900622,0.008247845711940911,1.2228681569901898,0.0018381821729597115,False
daily_maximum,p97,1981_2020,0.1,4,DBF,614,0.09107089884307328,0.024160853508411982,3.7693576847922823,0.0669100453346613,True
daily_maximum,p97,1981_2020,0.1,5,MF,504,0.07475526549985168,0.02656544932293804,2.8140034294584266,0.04818981617691363,True
daily_maximum,p97,1981_2020,0.1,6,Closed Shrub,1,0.0001483239394838327,8.206811653672548e-06,18.073272026105016,0.00014011712783016015,False
daily_maximum,p97,1981_2020,0.1,7,Open Shrub,283,0.04197567487392465,0.025736561345917112,1.6309744844986347,0.01623911352800754,True
daily_maximum,p97,1981_2020,0.1,8,Woody Savanna,226,0.033521210323346186,0.02796060730406237,1.1988727554739456,0.005560603019283815,True
daily_maximum,p97,1981_2020,0.1,9,Savanna,705,0.10456837733610205,0.053992613869511694,1.9367163365867206,0.05057576346659036,True
daily_maximum,p97,1981_2020,0.1,10,Grass,822,0.12192227825571048,0.06569552728764874,1.8558687826931073,0.056226750968061734,True
daily_maximum,p97,1981_2020,0.1,11,Wetland,5,0.0007416196974191634,0.00019696347968814116,3.7652650054385446,0.0005446562177310223,False
daily_maximum,p97,1981_2020,0.1,12,Cropland,3296,0.48887570453871254,0.1954616331555191,2.501133837092922,0.2934140713831934,True
daily_maximum,p97,1981_2020,0.1,13,Urban,100,0.014832393948383269,0.007558473533032417,1.9623530972969612,0.0072739204153508515,False
daily_maximum,p97,1981_2020,0.1,14,Crop/Nat Mosaic,48,0.0071195490952239695,0.008961838325810422,0.7944295396090117,-0.0018422892305864523,False
daily_maximum,p97,1981_2020,0.1,15,Snow/Ice,1,0.0001483239394838327,3.282724661469019e-05,4.518318006526254,0.0001154966928691425,False
daily_maximum,p97,1981_2020,0.1,16,Barren,7,0.0010382675763868287,0.09854739433729996,0.010535718203092528,-0.09750912676091314,False
daily_maximum,p97,1981_2020,0.1,17,Water,62,0.009196084247997626,0.45545342634386543,0.020191052950943488,-0.4462573420958678,True
daily_maximum,p97,1991_2020,0.05,1,ENF,10,0.0029664787896766538,0.008247845711940911,0.3596671049971147,-0.005281366922264257,False
daily_maximum,p97,1991_2020,0.05,4,DBF,258,0.07653515277365767,0.024160853508411982,3.1677338197928626,0.05237429926524569,True
daily_maximum,p97,1991_2020,0.05,5,MF,146,0.04331059032927915,0.02656544932293804,1.630335320241787,0.01674514100634111,True
daily_maximum,p97,1991_2020,0.05,7,Open Shrub,144,0.042717294571343815,0.025736561345917112,1.6597902881116848,0.016980733225426703,True
daily_maximum,p97,1991_2020,0.05,8,Woody Savanna,93,0.027588252743992882,0.02796060730406237,0.9866828872484686,-0.00037235456006948914,True
daily_maximum,p97,1991_2020,0.05,9,Savanna,292,0.0866211806585583,0.053992613869511694,1.6043153766902765,0.032628566789046604,True
daily_maximum,p97,1991_2020,0.05,10,Grass,421,0.12488875704538713,0.06569552728764874,1.9010237409094846,0.059193229757738386,True
daily_maximum,p97,1991_2020,0.05,11,Wetland,6,0.0017798872738059924,0.00019696347968814116,9.036636013052508,0.0015829237941178513,False
daily_maximum,p97,1991_2020,0.05,12,Cropland,1891,0.5609611391278553,0.1954616331555191,2.8699296638001917,0.36549950597233616,True
daily_maximum,p97,1991_2020,0.05,13,Urban,24,0.0071195490952239695,0.007558473533032417,0.9419294867025414,-0.00043892443780844774,False
daily_maximum,p97,1991_2020,0.05,14,Crop/Nat Mosaic,17,0.005043013942450311,0.008961838325810422,0.5627209238897165,-0.003918824383360111,False
daily_maximum,p97,1991_2020,0.05,16,Barren,14,0.004153070305547315,0.09854739433729996,0.042142872812370114,-0.09439432403175264,False
daily_maximum,p97,1991_2020,0.05,17,Water,55,0.016315633343221597,0.45545342634386543,0.03582283588070619,-0.4391377930006438,True
daily_maximum,p97,1991_2020,0.1,1,ENF,44,0.006526253337288638,0.008247845711940911,0.7912676309936523,-0.0017215923746522728,False
daily_maximum,p97,1991_2020,0.1,4,DBF,504,0.07475526549985168,0.024160853508411982,3.0940655914255863,0.05059441199143969,True
daily_maximum,p97,1991_2020,0.1,5,MF,321,0.0476119845743103,0.02656544932293804,1.7922521842384027,0.021046535251372258,True
daily_maximum,p97,1991_2020,0.1,6,Closed Shrub,1,0.0001483239394838327,8.206811653672548e-06,18.073272026105016,0.00014011712783016015,False
daily_maximum,p97,1991_2020,0.1,7,Open Shrub,223,0.03307623850489469,0.025736561345917112,1.2851848411420337,0.007339677158977577,True
daily_maximum,p97,1991_2020,0.1,8,Woody Savanna,200,0.029664787896766538,0.02796060730406237,1.0609493411273856,0.0017041805927041666,True
daily_maximum,p97,1991_2020,0.1,9,Savanna,562,0.08335805398991397,0.053992613869511694,1.5438788385272864,0.029365440120402278,True
daily_maximum,p97,1991_2020,0.1,10,Grass,741,0.10990803915752002,0.06569552728764874,1.672991201916779,0.04421251186987128,True
daily_maximum,p97,1991_2020,0.1,11,Wetland,7,0.0010382675763868287,0.00019696347968814116,5.271371007613962,0.0008413040966986875,False
daily_maximum,p97,1991_2020,0.1,12,Cropland,3911,0.5800949273212697,0.1954616331555191,2.9678199140990347,0.38463329416575054,True
daily_maximum,p97,1991_2020,0.1,13,Urban,90,0.013349154553544943,0.007558473533032417,1.7661177875672651,0.0057906810205125255,False
daily_maximum,p97,1991_2020,0.1,14,Crop/Nat Mosaic,31,0.004598042123998813,0.008961838325810422,0.5130690776641533,-0.004363796201811609,False
daily_maximum,p97,1991_2020,0.1,16,Barren,24,0.0035597745476119848,0.09854739433729996,0.036122462410602955,-0.09498761978968798,False
daily_maximum,p97,1991_2020,0.1,17,Water,83,0.012310886977158113,0.45545342634386543,0.02702995798271467,-0.44314253936670733,True
daily_maximum,p99,1981_2020,0.05,1,ENF,29,0.008602788490062296,0.008247845711940911,1.0430346044916328,0.0003549427781213855,False
daily_maximum,p99,1981_2020,0.05,4,DBF,103,0.030554731533669534,0.024160853508411982,1.2646379203049023,0.006393878025257552,True
daily_maximum,p99,1981_2020,0.05,5,MF,171,0.05072678730347078,0.02656544932293804,1.9095023271325036,0.02416133798053274,True
daily_maximum,p99,1981_2020,0.05,6,Closed Shrub,1,0.0002966478789676654,8.206811653672548e-06,36.14654405221003,0.0002884410673139928,False
daily_maximum,p99,1981_2020,0.05,7,Open Shrub,201,0.05962622367250074,0.025736561345917112,2.316790610489227,0.03388966232658363,True
daily_maximum,p99,1981_2020,0.05,8,Woody Savanna,62,0.018392168495995252,0.02796060730406237,0.6577885914989791,-0.009568438808067119,True
daily_maximum,p99,1981_2020,0.05,9,Savanna,470,0.13942450311480273,0.053992613869511694,2.582288448782294,0.08543188924529103,True
daily_maximum,p99,1981_2020,0.05,10,Grass,619,0.18362503708098488,0.06569552728764874,2.795091913593755,0.11792950979333613,True
daily_maximum,p99,1981_2020,0.05,11,Wetland,6,0.0017798872738059924,0.00019696347968814116,9.036636013052508,0.0015829237941178513,False
daily_maximum,p99,1981_2020,0.05,12,Cropland,1618,0.4799762681696826,0.1954616331555191,2.455603488116716,0.2845146350141635,True
daily_maximum,p99,1981_2020,0.05,13,Urban,30,0.008899436369029961,0.007558473533032417,1.1774118583781767,0.001340962835997544,False
daily_maximum,p99,1981_2020,0.05,14,Crop/Nat Mosaic,19,0.005636309700385643,0.008961838325810422,0.6289233855238009,-0.003325528625424779,False
daily_maximum,p99,1981_2020,0.05,15,Snow/Ice,1,0.0002966478789676654,3.282724661469019e-05,9.036636013052508,0.0002638206323529752,False
daily_maximum,p99,1981_2020,0.05,16,Barren,16,0.004746366063482646,0.09854739433729996,0.04816328321413728,-0.09380102827381731,False
daily_maximum,p99,1981_2020,0.05,17,Water,25,0.007416196974191634,0.45545342634386543,0.01628310721850281,-0.4480372293696738,False
daily_maximum,p99,1981_2020,0.1,1,ENF,67,0.009936230164615156,0.008247845711940911,1.2047061149834395,0.0016883844526742447,False
daily_maximum,p99,1981_2020,0.1,2,EBF,1,0.00014830194275545008,0.0014197784160853509,0.10445428742630979,-0.0012714764733299008,False
daily_maximum,p99,1981_2020,0.1,4,DBF,278,0.04122794008601513,0.024160853508411982,1.706394191399777,0.017067086577603148,True
daily_maximum,p99,1981_2020,0.1,5,MF,402,0.05961738098769094,0.02656544932293804,2.2441698712851843,0.0330519316647529,True
daily_maximum,p99,1981_2020,0.1,6,Closed Shrub,1,0.00014830194275545008,8.206811653672548e-06,18.070591724751594,0.00014009513110177754,False
daily_maximum,p99,1981_2020,0.1,7,Open Shrub,286,0.04241435562805873,0.025736561345917112,1.6480195259180346,0.01667779428214162,True
daily_maximum,p99,1981_2020,0.1,8,Woody Savanna,181,0.02684265163873647,0.02796060730406237,0.9600167602524329,-0.0011179556653259023,True
daily_maximum,p99,1981_2020,0.1,9,Savanna,820,0.12160759305946908,0.053992613869511694,2.2523005341687656,0.06761497918995739,True
daily_maximum,p99,1981_2020,0.1,10,Grass,1142,0.169360818626724,0.06569552728764874,2.5779657401207148,0.10366529133907526,True
daily_maximum,p99,1981_2020,0.1,11,Wetland,6,0.0008898116565327006,0.00019696347968814116,4.5176479311878985,0.0006928481768445594,False
daily_maximum,p99,1981_2020,0.1,12,Cropland,3314,0.4914726382915616,0.1954616331555191,2.5144199931068894,0.2960110051360425,True
daily_maximum,p99,1981_2020,0.1,13,Urban,122,0.01809283701616491,0.007558473533032417,2.3937157333547168,0.010534363483132494,False
daily_maximum,p99,1981_2020,0.1,14,Crop/Nat Mosaic,52,0.007711701023283405,0.008961838325810422,0.8605043678453141,-0.0012501373025270166,False
daily_maximum,p99,1981_2020,0.1,15,Snow/Ice,2,0.00029660388551090017,3.282724661469019e-05,9.035295862375797,0.00026377663889621,False
daily_maximum,p99,1981_2020,0.1,16,Barren,17,0.002521133026842652,0.09854739433729996,0.02558294964363567,-0.09602626131045731,False
daily_maximum,p99,1981_2020,0.1,17,Water,52,0.007711701023283405,0.45545342634386543,0.016931920098150942,-0.44774172532058204,True
daily_maximum,p99,1991_2020,0.05,1,ENF,15,0.004449718184514981,0.008247845711940911,0.539500657495672,-0.0037981275274259303,False
daily_maximum,p99,1991_2020,0.05,4,DBF,124,0.036784336991990504,0.024160853508411982,1.522476719590368,0.012623483483578522,True
daily_maximum,p99,1991_2020,0.05,5,MF,152,0.04509047760308514,0.02656544932293804,1.6973354018955589,0.018525028280147102,True
daily_maximum,p99,1991_2020,0.05,7,Open Shrub,140,0.041530703055473156,0.025736561345917112,1.6136850023308047,0.015794141709556044,True
daily_maximum,p99,1991_2020,0.05,8,Woody Savanna,81,0.024028478196380897,0.02796060730406237,0.8593689663131824,-0.003932129107681474,True
daily_maximum,p99,1991_2020,0.05,9,Savanna,318,0.09433402551171759,0.053992613869511694,1.747165375984616,0.04034141164220589,True
daily_maximum,p99,1991_2020,0.05,10,Grass,585,0.17353900919608425,0.06569552728764874,2.6415650556580723,0.10784348190843551,True
daily_maximum,p99,1991_2020,0.05,11,Wetland,6,0.0017798872738059924,0.00019696347968814116,9.036636013052508,0.0015829237941178513,False
daily_maximum,p99,1991_2020,0.05,12,Cropland,1814,0.538119252447345,0.1954616331555191,2.7530684347612624,0.3426576192918259,True
daily_maximum,p99,1991_2020,0.05,13,Urban,64,0.018985464253930585,0.007558473533032417,2.5118119645401102,0.011426990720898169,False
daily_maximum,p99,1991_2020,0.05,14,Crop/Nat Mosaic,9,0.0026698309107089885,0.008961838325810422,0.29791107735337935,-0.006292007415101433,False
daily_maximum,p99,1991_2020,0.05,16,Barren,8,0.002373183031741323,0.09854739433729996,0.02408164160706864,-0.09617421130555864,False
daily_maximum,p99,1991_2020,0.05,17,Water,55,0.016315633343221597,0.45545342634386543,0.03582283588070619,-0.4391377930006438,True
daily_maximum,p99,1991_2020,0.1,1,ENF,59,0.008751112429546128,0.008247845711940911,1.0610179597414882,0.000503266717605217,False
daily_maximum,p99,1991_2020,0.1,4,DBF,322,0.04776030851379413,0.024160853508411982,1.976764127855236,0.023599455005382144,True
daily_maximum,p99,1991_2020,0.1,5,MF,333,0.04939187184811629,0.02656544932293804,1.8592522658921748,0.02282642252517825,True
daily_maximum,p99,1991_2020,0.1,6,Closed Shrub,1,0.0001483239394838327,8.206811653672548e-06,18.073272026105016,0.00014011712783016015,False
daily_maximum,p99,1991_2020,0.1,7,Open Shrub,223,0.03307623850489469,0.025736561345917112,1.2851848411420337,0.007339677158977577,True
daily_maximum,p99,1991_2020,0.1,8,Woody Savanna,129,0.01913378819341442,0.02796060730406237,0.6843123250271638,-0.008826819110647952,True
daily_maximum,p99,1991_2020,0.1,9,Savanna,705,0.10456837733610205,0.053992613869511694,1.9367163365867206,0.05057576346659036,True
daily_maximum,p99,1991_2020,0.1,10,Grass,1162,0.1723524176802136,0.06569552728764874,2.623503072371521,0.10665689039256485,True
daily_maximum,p99,1991_2020,0.1,11,Wetland,7,0.0010382675763868287,0.00019696347968814116,5.271371007613962,0.0008413040966986875,False
daily_maximum,p99,1991_2020,0.1,12,Cropland,3442,0.5105309997033521,0.1954616331555191,2.6119243529350236,0.315069366547833,True
daily_maximum,p99,1991_2020,0.1,13,Urban,195,0.028923168199347375,0.007558473533032417,3.8265885397290744,0.021364694666314958,False
daily_maximum,p99,1991_2020,0.1,14,Crop/Nat Mosaic,55,0.008157816671610798,0.008961838325810422,0.9102838474686592,-0.0008040216541996235,False
daily_maximum,p99,1991_2020,0.1,15,Snow/Ice,1,0.0001483239394838327,3.282724661469019e-05,4.518318006526254,0.0001154966928691425,False
daily_maximum,p99,1991_2020,0.1,16,Barren,23,0.003411450608128152,0.09854739433729996,0.03461735981016117,-0.0951359437291718,False
daily_maximum,p99,1991_2020,0.1,17,Water,85,0.012607534856125778,0.45545342634386543,0.02768128227145478,-0.4428458914877397,True
