filename,percentile,baseline,LC_code,LC_name,count,mean,median,std
p95_baseline_1991_2020_minus_1981_2010.tif,p95,1991_2020,1,ENF,991,0.4438263376353367,0.4817180633544922,0.12335370440288936
p95_baseline_1991_2020_minus_1981_2010.tif,p95,1991_2020,2,EBF,158,0.1938203859932815,0.18855857849121094,0.12479154073745935
p95_baseline_1991_2020_minus_1981_2010.tif,p95,1991_2020,4,DBF,2922,0.4838864155455373,0.4692697525024414,0.13329379659183124
p95_baseline_1991_2020_minus_1981_2010.tif,p95,1991_2020,5,MF,3237,0.5109569678013436,0.5242500305175781,0.0944471785384308
p95_baseline_1991_2020_minus_1981_2010.tif,p95,1991_2020,6,Closed Shrub,1,0.6307621002197266,0.6307621002197266,0.0
p95_baseline_1991_2020_minus_1981_2010.tif,p95,1991_2020,7,Open Shrub,3126,0.30295994490747336,0.2648000717163086,0.15471455580422971
p95_baseline_1991_2020_minus_1981_2010.tif,p95,1991_2020,8,Woody Savanna,3350,0.39411861647420854,0.39412975311279297,0.1447711016223637
p95_baseline_1991_2020_minus_1981_2010.tif,p95,1991_2020,9,Savanna,6465,0.41175274771493436,0.4138469696044922,0.1496404989591981
p95_baseline_1991_2020_minus_1981_2010.tif,p95,1991_2020,10,Grass,7890,0.41772889643718686,0.4256916046142578,0.14011153944591256
p95_baseline_1991_2020_minus_1981_2010.tif,p95,1991_2020,11,Wetland,20,0.578839111328125,0.5787534713745117,0.11934225654049738
p95_baseline_1991_2020_minus_1981_2010.tif,p95,1991_2020,12,Cropland,23648,0.48122634834462474,0.4983940124511719,0.1482645632305666
p95_baseline_1991_2020_minus_1981_2010.tif,p95,1991_2020,13,Urban,893,0.479255607921092,0.4965934753417969,0.12075977385678681
p95_baseline_1991_2020_minus_1981_2010.tif,p95,1991_2020,14,Crop/Nat Mosaic,1072,0.33831409909831944,0.32733631134033203,0.13500590790491207
p95_baseline_1991_2020_minus_1981_2010.tif,p95,1991_2020,15,Snow/Ice,4,0.40604448318481445,0.40784502029418945,0.07809538247390162
p95_baseline_1991_2020_minus_1981_2010.tif,p95,1991_2020,16,Barren,11917,0.29238863556319217,0.2733192443847656,0.08839462137081606
p95_baseline_1991_2020_minus_1981_2010.tif,p95,1991_2020,17,Water,1722,0.3804075920069536,0.37806129455566406,0.14484087819077496
p95_baseline_1981_2020_minus_1981_2010.tif,p95,1981_2020,1,ENF,991,0.2920961254901289,0.32053184509277344,0.09399567173218379
p95_baseline_1981_2020_minus_1981_2010.tif,p95,1981_2020,2,EBF,158,0.14303658883782883,0.13524436950683594,0.08788632746589342
p95_baseline_1981_2020_minus_1981_2010.tif,p95,1981_2020,4,DBF,2922,0.31771053670612937,0.3181576728820801,0.09855214735372392
p95_baseline_1981_2020_minus_1981_2010.tif,p95,1981_2020,5,MF,3237,0.3433654382709813,0.351593017578125,0.06893889121425187
p95_baseline_1981_2020_minus_1981_2010.tif,p95,1981_2020,6,Closed Shrub,1,0.4373817443847656,0.4373817443847656,0.0
p95_baseline_1981_2020_minus_1981_2010.tif,p95,1981_2020,7,Open Shrub,3126,0.2031755050786092,0.18892765045166016,0.11379090160409007
p95_baseline_1981_2020_minus_1981_2010.tif,p95,1981_2020,8,Woody Savanna,3350,0.2682057967114804,0.2632627487182617,0.10009106697197613
p95_baseline_1981_2020_minus_1981_2010.tif,p95,1981_2020,9,Savanna,6465,0.28062005437628207,0.2902660369873047,0.10466817995363914
p95_baseline_1981_2020_minus_1981_2010.tif,p95,1981_2020,10,Grass,7890,0.2660050621201935,0.26471900939941406,0.10072571173538551
p95_baseline_1981_2020_minus_1981_2010.tif,p95,1981_2020,11,Wetland,20,0.3599967956542969,0.35980224609375,0.07474114282877521
p95_baseline_1981_2020_minus_1981_2010.tif,p95,1981_2020,12,Cropland,23648,0.3095665069974969,0.32667064666748047,0.10538251515644032
p95_baseline_1981_2020_minus_1981_2010.tif,p95,1981_2020,13,Urban,893,0.30718928782429966,0.3245277404785156,0.08485622697700064
p95_baseline_1981_2020_minus_1981_2010.tif,p95,1981_2020,14,Crop/Nat Mosaic,1072,0.24176537634721443,0.23239707946777344,0.082539595444793
p95_baseline_1981_2020_minus_1981_2010.tif,p95,1981_2020,15,Snow/Ice,4,0.32850170135498047,0.32505321502685547,0.046274587649689974
p95_baseline_1981_2020_minus_1981_2010.tif,p95,1981_2020,16,Barren,11917,0.1568660212311357,0.15250396728515625,0.05416591940632727
p95_baseline_1981_2020_minus_1981_2010.tif,p95,1981_2020,17,Water,1722,0.23906862666521062,0.23572540283203125,0.09574112295812293
p97_baseline_1991_2020_minus_1981_2010.tif,p97,1991_2020,1,ENF,991,0.41987845924138784,0.44795799255371094,0.12828093438158547
p97_baseline_1991_2020_minus_1981_2010.tif,p97,1991_2020,2,EBF,158,0.18214121951332576,0.17173385620117188,0.11462805046791355
p97_baseline_1991_2020_minus_1981_2010.tif,p97,1991_2020,4,DBF,2922,0.4584890665214899,0.4552574157714844,0.13142725172191783
p97_baseline_1991_2020_minus_1981_2010.tif,p97,1991_2020,5,MF,3237,0.4831552962149077,0.4931068420410156,0.1007974322528713
p97_baseline_1991_2020_minus_1981_2010.tif,p97,1991_2020,6,Closed Shrub,1,0.6248664855957031,0.6248664855957031,0.0
p97_baseline_1991_2020_minus_1981_2010.tif,p97,1991_2020,7,Open Shrub,3126,0.2921664890233172,0.24840354919433594,0.16758429675492428
p97_baseline_1991_2020_minus_1981_2010.tif,p97,1991_2020,8,Woody Savanna,3350,0.3730281496759671,0.36811256408691406,0.14108670391266892
p97_baseline_1991_2020_minus_1981_2010.tif,p97,1991_2020,9,Savanna,6465,0.39544003435741165,0.3864612579345703,0.14974827903820423
p97_baseline_1991_2020_minus_1981_2010.tif,p97,1991_2020,10,Grass,7890,0.4109274288849534,0.4173564910888672,0.14466071639556582
p97_baseline_1991_2020_minus_1981_2010.tif,p97,1991_2020,11,Wetland,20,0.5686211585998535,0.549102783203125,0.1239435127691037
p97_baseline_1991_2020_minus_1981_2010.tif,p97,1991_2020,12,Cropland,23648,0.4573745708988226,0.46919822692871094,0.14649583764457272
p97_baseline_1991_2020_minus_1981_2010.tif,p97,1991_2020,13,Urban,893,0.46313517998741294,0.4783649444580078,0.11963407643211313
p97_baseline_1991_2020_minus_1981_2010.tif,p97,1991_2020,14,Crop/Nat Mosaic,1072,0.33049651757994697,0.31145381927490234,0.13363057978520254
p97_baseline_1991_2020_minus_1981_2010.tif,p97,1991_2020,15,Snow/Ice,4,0.41378700733184814,0.4002647399902344,0.07067829317003088
p97_baseline_1991_2020_minus_1981_2010.tif,p97,1991_2020,16,Barren,11917,0.29163055026992374,0.2748432159423828,0.09044634683339191
p97_baseline_1991_2020_minus_1981_2010.tif,p97,1991_2020,17,Water,1722,0.36865653393575953,0.36653614044189453,0.14523316413346732
p97_baseline_1981_2020_minus_1981_2010.tif,p97,1981_2020,1,ENF,991,0.2877102812411927,0.30966758728027344,0.09960197017933252
p97_baseline_1981_2020_minus_1981_2010.tif,p97,1981_2020,2,EBF,158,0.14514396764055082,0.14034080505371094,0.09227183135860971
p97_baseline_1981_2020_minus_1981_2010.tif,p97,1981_2020,4,DBF,2922,0.31451897911630533,0.3246421813964844,0.10299308995580306
p97_baseline_1981_2020_minus_1981_2010.tif,p97,1981_2020,5,MF,3237,0.3402358771917221,0.3470497131347656,0.07399557643586237
p97_baseline_1981_2020_minus_1981_2010.tif,p97,1981_2020,6,Closed Shrub,1,0.48258018493652344,0.48258018493652344,0.0
p97_baseline_1981_2020_minus_1981_2010.tif,p97,1981_2020,7,Open Shrub,3126,0.20348312087495282,0.18105602264404297,0.1273206583859604
p97_baseline_1981_2020_minus_1981_2010.tif,p97,1981_2020,8,Woody Savanna,3350,0.26559290558544557,0.2633953094482422,0.10066434288279502
p97_baseline_1981_2020_minus_1981_2010.tif,p97,1981_2020,9,Savanna,6465,0.2822740907366665,0.28966712951660156,0.10810033577152643
p97_baseline_1981_2020_minus_1981_2010.tif,p97,1981_2020,10,Grass,7890,0.2722663661826246,0.27244091033935547,0.11038597505510452
p97_baseline_1981_2020_minus_1981_2010.tif,p97,1981_2020,11,Wetland,20,0.3616039276123047,0.3458395004272461,0.07630326921804977
p97_baseline_1981_2020_minus_1981_2010.tif,p97,1981_2020,12,Cropland,23648,0.302917379447346,0.31661128997802734,0.10789436874928239
p97_baseline_1981_2020_minus_1981_2010.tif,p97,1981_2020,13,Urban,893,0.3095239252686367,0.32476806640625,0.09019010648718416
p97_baseline_1981_2020_minus_1981_2010.tif,p97,1981_2020,14,Crop/Nat Mosaic,1072,0.24846056681960377,0.2348794937133789,0.08167303895448348
p97_baseline_1981_2020_minus_1981_2010.tif,p97,1981_2020,15,Snow/Ice,4,0.3359030485153198,0.31522512435913086,0.04413381074711921
p97_baseline_1981_2020_minus_1981_2010.tif,p97,1981_2020,16,Barren,11917,0.15421725543861553,0.1500244140625,0.05701254777002469
p97_baseline_1981_2020_minus_1981_2010.tif,p97,1981_2020,17,Water,1722,0.23660574335946716,0.2330636978149414,0.09759532438608813
p99_baseline_1991_2020_minus_1981_2010.tif,p99,1991_2020,1,ENF,991,0.3851016349677,0.3977031707763672,0.1223753948900341
p99_baseline_1991_2020_minus_1981_2010.tif,p99,1991_2020,2,EBF,158,0.19149016126801696,0.17543601989746094,0.11447142000522101
p99_baseline_1991_2020_minus_1981_2010.tif,p99,1991_2020,4,DBF,2922,0.3846894580154367,0.3798255920410156,0.13384516935423452
p99_baseline_1991_2020_minus_1981_2010.tif,p99,1991_2020,5,MF,3237,0.42828633264512755,0.43548011779785156,0.12132468619303385
p99_baseline_1991_2020_minus_1981_2010.tif,p99,1991_2020,6,Closed Shrub,1,0.5804443359375,0.5804443359375,0.0
p99_baseline_1991_2020_minus_1981_2010.tif,p99,1991_2020,7,Open Shrub,3126,0.2590312317099544,0.22215843200683594,0.1801912503314309
p99_baseline_1991_2020_minus_1981_2010.tif,p99,1991_2020,8,Woody Savanna,3350,0.3216278782175548,0.3107566833496094,0.13883490132499446
p99_baseline_1991_2020_minus_1981_2010.tif,p99,1991_2020,9,Savanna,6465,0.3611173234424753,0.3624095916748047,0.1570951508521238
p99_baseline_1991_2020_minus_1981_2010.tif,p99,1991_2020,10,Grass,7890,0.40082317716117444,0.40816164016723633,0.15347996127276597
p99_baseline_1991_2020_minus_1981_2010.tif,p99,1991_2020,11,Wetland,20,0.5240969657897949,0.4880819320678711,0.1549756352293294
p99_baseline_1991_2020_minus_1981_2010.tif,p99,1991_2020,12,Cropland,23648,0.4129222912136692,0.4306344985961914,0.1477588947945244
p99_baseline_1991_2020_minus_1981_2010.tif,p99,1991_2020,13,Urban,893,0.4357681445285161,0.44322967529296875,0.1377023896659249
p99_baseline_1991_2020_minus_1981_2010.tif,p99,1991_2020,14,Crop/Nat Mosaic,1072,0.31788667102358237,0.3016500473022461,0.1272224050692604
p99_baseline_1991_2020_minus_1981_2010.tif,p99,1991_2020,15,Snow/Ice,4,0.48445987701416016,0.49235963821411133,0.0901930769915017
p99_baseline_1991_2020_minus_1981_2010.tif,p99,1991_2020,16,Barren,11917,0.26525392277864757,0.2519569396972656,0.09776008819331285
p99_baseline_1991_2020_minus_1981_2010.tif,p99,1991_2020,17,Water,1722,0.3357207678197845,0.3396596908569336,0.14556360157713638
p99_baseline_1981_2020_minus_1981_2010.tif,p99,1981_2020,1,ENF,991,0.29621091259476157,0.3144035339355469,0.10199569748206
p99_baseline_1981_2020_minus_1981_2010.tif,p99,1981_2020,2,EBF,158,0.17879343636428255,0.1804370880126953,0.10734208221567593
p99_baseline_1981_2020_minus_1981_2010.tif,p99,1981_2020,4,DBF,2922,0.28679038073247953,0.293609619140625,0.10767276640911706
p99_baseline_1981_2020_minus_1981_2010.tif,p99,1981_2020,5,MF,3237,0.34045701502722503,0.3443775177001953,0.08748950957866401
p99_baseline_1981_2020_minus_1981_2010.tif,p99,1981_2020,6,Closed Shrub,1,0.48472023010253906,0.48472023010253906,0.0
p99_baseline_1981_2020_minus_1981_2010.tif,p99,1981_2020,7,Open Shrub,3126,0.2055106220989752,0.18331146240234375,0.14414470365197876
p99_baseline_1981_2020_minus_1981_2010.tif,p99,1981_2020,8,Woody Savanna,3350,0.262353661380597,0.2575998306274414,0.10476957804552117
p99_baseline_1981_2020_minus_1981_2010.tif,p99,1981_2020,9,Savanna,6465,0.29285260456436285,0.29762840270996094,0.12412141275271123
p99_baseline_1981_2020_minus_1981_2010.tif,p99,1981_2020,10,Grass,7890,0.2954256266242198,0.29960155487060547,0.12583232909070066
p99_baseline_1981_2020_minus_1981_2010.tif,p99,1981_2020,11,Wetland,20,0.35668020248413085,0.31050777435302734,0.11577998521570253
p99_baseline_1981_2020_minus_1981_2010.tif,p99,1981_2020,12,Cropland,23648,0.30226502826636475,0.3156862258911133,0.12081538913333806
p99_baseline_1981_2020_minus_1981_2010.tif,p99,1981_2020,13,Urban,893,0.3196822633134558,0.3345508575439453,0.10443740821206526
p99_baseline_1981_2020_minus_1981_2010.tif,p99,1981_2020,14,Crop/Nat Mosaic,1072,0.27029229455919407,0.2687406539916992,0.09329520088095164
p99_baseline_1981_2020_minus_1981_2010.tif,p99,1981_2020,15,Snow/Ice,4,0.4308847188949585,0.4291367530822754,0.04146434662782623
p99_baseline_1981_2020_minus_1981_2010.tif,p99,1981_2020,16,Barren,11917,0.1442968272578649,0.14443588256835938,0.06995463197449255
p99_baseline_1981_2020_minus_1981_2010.tif,p99,1981_2020,17,Water,1722,0.23502090445240478,0.24286556243896484,0.10262118485554239
