daily_statistic,percentile,baseline_A,baseline_B,LC_code,LC_name,count,mean,median,std
daily_maximum,p90,1981_2020,1981_2010,1,ENF,991,0.2906975038838314,0.3097991943359375,0.08160364383007096
daily_maximum,p90,1981_2020,1981_2010,2,EBF,158,0.14454241643978072,0.12271881103515625,0.07748759551679889
daily_maximum,p90,1981_2020,1981_2010,4,DBF,2922,0.3142592745395167,0.3124723434448242,0.0808533777984876
daily_maximum,p90,1981_2020,1981_2010,5,MF,3237,0.3275359365576979,0.31851959228515625,0.06953648279060061
daily_maximum,p90,1981_2020,1981_2010,6,Closed Shrub,1,0.3731231689453125,0.3731231689453125,0.0
daily_maximum,p90,1981_2020,1981_2010,7,Open Shrub,3126,0.1950824112748764,0.18123912811279297,0.09372371839512024
daily_maximum,p90,1981_2020,1981_2010,8,Woody Savanna,3350,0.2661739050452389,0.2612800598144531,0.0962728480076588
daily_maximum,p90,1981_2020,1981_2010,9,Savanna,6465,0.26824039170102193,0.2756805419921875,0.09721421684309481
daily_maximum,p90,1981_2020,1981_2010,10,Grass,7890,0.2600544773580457,0.2612419128417969,0.08784590790632175
daily_maximum,p90,1981_2020,1981_2010,11,Wetland,20,0.3687620162963867,0.35457611083984375,0.0717530617294629
daily_maximum,p90,1981_2020,1981_2010,12,Cropland,23648,0.3135779011233411,0.31015777587890625,0.10724546825534545
daily_maximum,p90,1981_2020,1981_2010,13,Urban,893,0.2833512926689054,0.2886810302734375,0.08312344087453567
daily_maximum,p90,1981_2020,1981_2010,14,Crop/Nat Mosaic,1072,0.22778429824914506,0.22398090362548828,0.0774806169485693
daily_maximum,p90,1981_2020,1981_2010,15,Snow/Ice,4,0.28724539279937744,0.2975633144378662,0.03169692713664286
daily_maximum,p90,1981_2020,1981_2010,16,Barren,11917,0.1578854973548069,0.155975341796875,0.0449577951850872
daily_maximum,p90,1981_2020,1981_2010,17,Water,1722,0.24126047927466557,0.23447036743164062,0.09458731989357831
daily_maximum,p90,1991_2020,1981_2010,1,ENF,991,0.4618220786393952,0.4854736328125,0.11666660421559483
daily_maximum,p90,1991_2020,1981_2010,2,EBF,158,0.22076053860821301,0.1945514678955078,0.1303788153063849
daily_maximum,p90,1991_2020,1981_2010,4,DBF,2922,0.5002533846077732,0.4956350326538086,0.11838160598502566
daily_maximum,p90,1991_2020,1981_2010,5,MF,3237,0.5151118351273747,0.5049095153808594,0.09568080346089164
daily_maximum,p90,1991_2020,1981_2010,6,Closed Shrub,1,0.5594005584716797,0.5594005584716797,0.0
daily_maximum,p90,1991_2020,1981_2010,7,Open Shrub,3126,0.30447177618494115,0.2758970260620117,0.13814456998796382
daily_maximum,p90,1991_2020,1981_2010,8,Woody Savanna,3350,0.4120093294399888,0.4035196304321289,0.1504032780933832
daily_maximum,p90,1991_2020,1981_2010,9,Savanna,6465,0.41800340473974573,0.4237041473388672,0.14942179497033573
daily_maximum,p90,1991_2020,1981_2010,10,Grass,7890,0.42361116880699706,0.43266868591308594,0.13680031704644968
daily_maximum,p90,1991_2020,1981_2010,11,Wetland,20,0.6046899795532227,0.6134567260742188,0.10712034943517296
daily_maximum,p90,1991_2020,1981_2010,12,Cropland,23648,0.5009738904132894,0.49612903594970703,0.15361825085017877
daily_maximum,p90,1991_2020,1981_2010,13,Urban,893,0.46613647636080374,0.4803600311279297,0.1218955368498836
daily_maximum,p90,1991_2020,1981_2010,14,Crop/Nat Mosaic,1072,0.3475993667075883,0.3611583709716797,0.13173906875635952
daily_maximum,p90,1991_2020,1981_2010,15,Snow/Ice,4,0.3735600709915161,0.410707950592041,0.08185359895954694
daily_maximum,p90,1991_2020,1981_2010,16,Barren,11917,0.2927020614835613,0.2815361022949219,0.07889509013222071
daily_maximum,p90,1991_2020,1981_2010,17,Water,1722,0.3903637153900182,0.3849153518676758,0.14425599939737216
daily_maximum,p95,1981_2020,1981_2010,1,ENF,991,0.2920961110550989,0.32053184509277344,0.09399561509745004
daily_maximum,p95,1981_2020,1981_2010,2,EBF,158,0.14303656469417525,0.13524436950683594,0.08788641177935233
daily_maximum,p95,1981_2020,1981_2010,4,DBF,2922,0.31771045086891336,0.3181576728820801,0.09855208903805368
daily_maximum,p95,1981_2020,1981_2010,5,MF,3237,0.34336535430521664,0.351593017578125,0.06893887200567446
daily_maximum,p95,1981_2020,1981_2010,6,Closed Shrub,1,0.4373817443847656,0.4373817443847656,0.0
daily_maximum,p95,1981_2020,1981_2010,7,Open Shrub,3126,0.2031754556559479,0.18892765045166016,0.11379089637161036
daily_maximum,p95,1981_2020,1981_2010,8,Woody Savanna,3350,0.26820579187193916,0.2632627487182617,0.10009106473475662
daily_maximum,p95,1981_2020,1981_2010,9,Savanna,6465,0.2806200499508792,0.2902679443359375,0.10466818935034312
daily_maximum,p95,1981_2020,1981_2010,10,Grass,7890,0.26600503075409904,0.26471900939941406,0.1007256992009885
daily_maximum,p95,1981_2020,1981_2010,11,Wetland,20,0.35999670028686526,0.35980224609375,0.07474117247992408
daily_maximum,p95,1981_2020,1981_2010,12,Cropland,23648,0.30956644622334284,0.32667064666748047,0.10538250424196233
daily_maximum,p95,1981_2020,1981_2010,13,Urban,893,0.30718922161174916,0.3245277404785156,0.08485622803086815
daily_maximum,p95,1981_2020,1981_2010,14,Crop/Nat Mosaic,1072,0.2417653523274322,0.23239707946777344,0.08253959871137141
daily_maximum,p95,1981_2020,1981_2010,15,Snow/Ice,4,0.32850182056427,0.32505369186401367,0.0462747489490375
daily_maximum,p95,1981_2020,1981_2010,16,Barren,11917,0.15686595248847918,0.15250396728515625,0.054165932416063246
daily_maximum,p95,1981_2020,1981_2010,17,Water,1722,0.23906857460633388,0.23572635650634766,0.09574113662823511
daily_maximum,p95,1991_2020,1981_2010,1,ENF,991,0.4438263684300674,0.4817180633544922,0.12335368821730869
daily_maximum,p95,1991_2020,1981_2010,2,EBF,158,0.19382043428058865,0.18855857849121094,0.12479162990833148
daily_maximum,p95,1991_2020,1981_2010,4,DBF,2922,0.4838864938760767,0.4692697525024414,0.1332937464690476
daily_maximum,p95,1991_2020,1981_2010,5,MF,3237,0.5109569969683987,0.5242481231689453,0.09444717809229455
daily_maximum,p95,1991_2020,1981_2010,6,Closed Shrub,1,0.6307621002197266,0.6307621002197266,0.0
daily_maximum,p95,1991_2020,1981_2010,7,Open Shrub,3126,0.30296000897388614,0.2648000717163086,0.15471458591415113
daily_maximum,p95,1991_2020,1981_2010,8,Woody Savanna,3350,0.3941187269296219,0.39412784576416016,0.1447711090244432
daily_maximum,p95,1991_2020,1981_2010,9,Savanna,6465,0.4117528555472508,0.4138469696044922,0.14964051474210055
daily_maximum,p95,1991_2020,1981_2010,10,Grass,7890,0.4177289650920679,0.425689697265625,0.14011154889415167
daily_maximum,p95,1991_2020,1981_2010,11,Wetland,20,0.5788392066955567,0.5787544250488281,0.1193419564522864
daily_maximum,p95,1991_2020,1981_2010,12,Cropland,23648,0.48122641258697874,0.4983940124511719,0.14826454838776126
daily_maximum,p95,1991_2020,1981_2010,13,Urban,893,0.47925571044375087,0.4965953826904297,0.1207598268848912
daily_maximum,p95,1991_2020,1981_2010,14,Crop/Nat Mosaic,1072,0.33831418005388175,0.32733726501464844,0.13500591691746758
daily_maximum,p95,1991_2020,1981_2010,15,Snow/Ice,4,0.4060441255569458,0.40784502029418945,0.07809522255331947
daily_maximum,p95,1991_2020,1981_2010,16,Barren,11917,0.29238869534289463,0.2733192443847656,0.08839462991916833
daily_maximum,p95,1991_2020,1981_2010,17,Water,1722,0.38040766068036547,0.37806129455566406,0.1448409051005645
daily_maximum,p97,1981_2020,1981_2010,1,ENF,991,0.2877079408416594,0.30966758728027344,0.09960187575014298
daily_maximum,p97,1981_2020,1981_2010,2,EBF,158,0.1451413601259642,0.14033985137939453,0.09227216015726612
daily_maximum,p97,1981_2020,1981_2010,4,DBF,2922,0.3145165887293466,0.32463932037353516,0.10299309774533731
daily_maximum,p97,1981_2020,1981_2010,5,MF,3237,0.34023352585569516,0.3470458984375,0.07399558388909934
daily_maximum,p97,1981_2020,1981_2010,6,Closed Shrub,1,0.4825763702392578,0.4825763702392578,0.0
daily_maximum,p97,1981_2020,1981_2010,7,Open Shrub,3126,0.203481096376308,0.18105316162109375,0.12732072136031722
daily_maximum,p97,1981_2020,1981_2010,8,Woody Savanna,3350,0.26559064580433406,0.2633934020996094,0.10066434581634394
daily_maximum,p97,1981_2020,1981_2010,9,Savanna,6465,0.2822718834932332,0.28966522216796875,0.1081002136427579
daily_maximum,p97,1981_2020,1981_2010,10,Grass,7890,0.27226427359877126,0.27243900299072266,0.11038601139563163
daily_maximum,p97,1981_2020,1981_2010,11,Wetland,20,0.3616008758544922,0.3458366394042969,0.0763035001612898
daily_maximum,p97,1981_2020,1981_2010,12,Cropland,23648,0.3029149886881063,0.31660938262939453,0.10789435224483823
daily_maximum,p97,1981_2020,1981_2010,13,Urban,893,0.3095216462753655,0.3247642517089844,0.09019000198763115
daily_maximum,p97,1981_2020,1981_2010,14,Crop/Nat Mosaic,1072,0.24845814349046394,0.2348775863647461,0.0816730210248421
daily_maximum,p97,1981_2020,1981_2010,15,Snow/Ice,4,0.3359013795852661,0.31522321701049805,0.044133922453391455
daily_maximum,p97,1981_2020,1981_2010,16,Barren,11917,0.15421513918112956,0.1500244140625,0.0570125802182758
daily_maximum,p97,1981_2020,1981_2010,17,Water,1722,0.23660382604211327,0.233062744140625,0.09759518461230272
daily_maximum,p97,1991_2020,1981_2010,1,ENF,991,0.41987845731671714,0.44795799255371094,0.12828095076947785
daily_maximum,p97,1991_2020,1981_2010,2,EBF,158,0.1821412919442865,0.17173385620117188,0.11462812354835655
daily_maximum,p97,1991_2020,1981_2010,4,DBF,2922,0.4584890534664,0.4552574157714844,0.13142725381666387
daily_maximum,p97,1991_2020,1981_2010,5,MF,3237,0.48315533097968044,0.4931068420410156,0.10079744618566258
daily_maximum,p97,1991_2020,1981_2010,6,Closed Shrub,1,0.6248664855957031,0.6248664855957031,0.0
daily_maximum,p97,1991_2020,1981_2010,7,Open Shrub,3126,0.29216655369988637,0.24840354919433594,0.16758428240567894
daily_maximum,p97,1991_2020,1981_2010,8,Woody Savanna,3350,0.3730281542308295,0.36811256408691406,0.14108667774576905
daily_maximum,p97,1991_2020,1981_2010,9,Savanna,6465,0.3954400212287165,0.3864612579345703,0.149748257450617
daily_maximum,p97,1991_2020,1981_2010,10,Grass,7890,0.41092744888914856,0.4173564910888672,0.14466073746414293
daily_maximum,p97,1991_2020,1981_2010,11,Wetland,20,0.5686209678649903,0.549102783203125,0.1239437466748392
daily_maximum,p97,1991_2020,1981_2010,12,Cropland,23648,0.45737460126573565,0.46919822692871094,0.14649584680498504
daily_maximum,p97,1991_2020,1981_2010,13,Urban,893,0.46313519493863403,0.4783649444580078,0.11963411309428416
daily_maximum,p97,1991_2020,1981_2010,14,Crop/Nat Mosaic,1072,0.33049651757994697,0.31145381927490234,0.1336305847268426
daily_maximum,p97,1991_2020,1981_2010,15,Snow/Ice,4,0.41378724575042725,0.4002652168273926,0.07067817213990248
daily_maximum,p97,1991_2020,1981_2010,16,Barren,11917,0.29163058768225425,0.2748432159423828,0.09044635736121405
daily_maximum,p97,1991_2020,1981_2010,17,Water,1722,0.3686565023681428,0.36653709411621094,0.1452331347827538
daily_maximum,p99,1981_2020,1981_2010,1,ENF,991,0.29621159200350766,0.3144054412841797,0.10199589043116174
daily_maximum,p99,1981_2020,1981_2010,2,EBF,158,0.17879447454138647,0.18044185638427734,0.10734183197997055
daily_maximum,p99,1981_2020,1981_2010,4,DBF,2922,0.2867911757874538,0.2936124801635742,0.10767272376310469
daily_maximum,p99,1981_2020,1981_2010,5,MF,3237,0.3404577542205707,0.3443794250488281,0.0874895040642152
daily_maximum,p99,1981_2020,1981_2010,6,Closed Shrub,1,0.4847240447998047,0.4847240447998047,0.0
daily_maximum,p99,1981_2020,1981_2010,7,Open Shrub,3126,0.20551124445841393,0.18331146240234375,0.14414453191102616
daily_maximum,p99,1981_2020,1981_2010,8,Woody Savanna,3350,0.26235436539151774,0.25760364532470703,0.10476958131301084
daily_maximum,p99,1981_2020,1981_2010,9,Savanna,6465,0.29285323459421675,0.297637939453125,0.12412134085676965
daily_maximum,p99,1981_2020,1981_2010,10,Grass,7890,0.2954261571886573,0.2996025085449219,0.1258322716366689
daily_maximum,p99,1981_2020,1981_2010,11,Wetland,20,0.3566807746887207,0.31050968170166016,0.1157799336329281
daily_maximum,p99,1981_2020,1981_2010,12,Cropland,23648,0.3022657377955394,0.3156881332397461,0.12081529631390224
daily_maximum,p99,1981_2020,1981_2010,13,Urban,893,0.31968307067939444,0.3345527648925781,0.10443724886769067
daily_maximum,p99,1981_2020,1981_2010,14,Crop/Nat Mosaic,1072,0.2702931058940603,0.2687416076660156,0.09329540014683742
daily_maximum,p99,1981_2020,1981_2010,15,Snow/Ice,4,0.43088483810424805,0.429135799407959,0.041464656216209664
daily_maximum,p99,1981_2020,1981_2010,16,Barren,11917,0.14429768181951533,0.144439697265625,0.06995463242705148
daily_maximum,p99,1981_2020,1981_2010,17,Water,1722,0.23502156238799587,0.24286651611328125,0.10262107700839598
daily_maximum,p99,1991_2020,1981_2010,1,ENF,991,0.3851019592747077,0.3977031707763672,0.12237565182170043
daily_maximum,p99,1991_2020,1981_2010,2,EBF,158,0.19149063206926176,0.1754322052001953,0.11447109868947707
daily_maximum,p99,1991_2020,1981_2010,4,DBF,2922,0.3846897938576241,0.37982749938964844,0.13384522985178526
daily_maximum,p99,1991_2020,1981_2010,5,MF,3237,0.42828669914832485,0.43548583984375,0.12132463843380745
daily_maximum,p99,1991_2020,1981_2010,6,Closed Shrub,1,0.5804424285888672,0.5804424285888672,0.0
daily_maximum,p99,1991_2020,1981_2010,7,Open Shrub,3126,0.2590314617388842,0.22215938568115234,0.18019105478024883
daily_maximum,p99,1991_2020,1981_2010,8,Woody Savanna,3350,0.3216282044595747,0.31075286865234375,0.13883492876991815
daily_maximum,p99,1991_2020,1981_2010,9,Savanna,6465,0.36111753822202747,0.3624114990234375,0.15709509111605524
daily_maximum,p99,1991_2020,1981_2010,10,Grass,7890,0.40082337315393796,0.40816259384155273,0.15347985856447252
daily_maximum,p99,1991_2020,1981_2010,11,Wetland,20,0.5240973472595215,0.4880828857421875,0.1549766188140381
daily_maximum,p99,1991_2020,1981_2010,12,Cropland,23648,0.4129225811713119,0.4306373596191406,0.147758795311637
daily_maximum,p99,1991_2020,1981_2010,13,Urban,893,0.43576836666094365,0.4432373046875,0.1377022197496822
daily_maximum,p99,1991_2020,1981_2010,14,Crop/Nat Mosaic,1072,0.31788697171567093,0.3016500473022461,0.12722248904079228
daily_maximum,p99,1991_2020,1981_2010,15,Snow/Ice,4,0.48445963859558105,0.4923586845397949,0.09019347394161054
daily_maximum,p99,1991_2020,1981_2010,16,Barren,11917,0.2652543048245641,0.25196075439453125,0.0977600754358729
daily_maximum,p99,1991_2020,1981_2010,17,Water,1722,0.3357209671942061,0.3396577835083008,0.14556357193369107
